ABW,180,180,180,180,180,180,180,180,180,180,180,180,180,180,180,180,180,180,180,180,180,180,180,180,180,180,180,180,180,180,180,180,180,180,180,180,180,180,180,180,180,180,180,180,180,180,180,180,180,180,180,180,180,180,180,180,
AFG,652860,652860,652860,652860,652860,652860,652860,652860,652860,652860,652860,652860,652860,652860,652860,652860,652860,652860,652860,652860,652860,652860,652860,652860,652860,652860,652860,652860,652860,652860,652860,652860,652860,652860,652860,652860,652860,652860,652860,652860,652860,652860,652860,652860,652860,652860,652860,652860,652860,652860,652860,652860,652860,652860,652860,652860,
AGO,1246700,1246700,1246700,1246700,1246700,1246700,1246700,1246700,1246700,1246700,1246700,1246700,1246700,1246700,1246700,1246700,1246700,1246700,1246700,1246700,1246700,1246700,1246700,1246700,1246700,1246700,1246700,1246700,1246700,1246700,1246700,1246700,1246700,1246700,1246700,1246700,1246700,1246700,1246700,1246700,1246700,1246700,1246700,1246700,1246700,1246700,1246700,1246700,1246700,1246700,1246700,1246700,1246700,1246700,1246700,1246700,
ALB,27400,27400,27400,27400,27400,27400,27400,27400,27400,27400,27400,27400,27400,27400,27400,27400,27400,27400,27400,27400,27400,27400,27400,27400,27400,27400,27400,27400,27400,27400,27400,27400,27400,27400,27400,27400,27400,27400,27400,27400,27400,27400,27400,27400,27400,27400,27400,27400,27400,27400,27400,27400,27400,27400,27400,27400,
AND,470,470,470,470,470,470,470,470,470,470,470,470,470,470,470,470,470,470,470,470,470,470,470,470,470,470,470,470,470,470,470,470,470,470,470,470,470,470,470,470,470,470,470,470,470,470,470,470,470,470,470,470,470,470,470,470,
ARB,13624031,13624031,13624031,13624031,13624031,13624031,13624031,13624031,13624031,13624031,13624031,13624031,13623991,13623991,13623991,13623991,13623991,13623991,13623991,13623991,13623991,13623991,13623991,13623991,13623991,13623991,13623991,13623991,13623991,13623991,13623991,13624011,13624011,13624011,13624011,13624011,13624011,13624011,13624011,13624011,13624011,13624011,13623831,13623821,13623831,13623891,13623911,13623921,13621411,13621403,13621408,13621411,13621411,13621413,13621413,13621413,
ARE,83600,83600,83600,83600,83600,83600,83600,83600,83600,83600,83600,83600,83600,83600,83600,83600,83600,83600,83600,83600,83600,83600,83600,83600,83600,83600,83600,83600,83600,83600,83600,83600,83600,83600,83600,83600,83600,83600,83600,83600,83600,83600,83600,83600,83600,83600,83600,83600,83600,83600,83600,83600,83600,83600,83600,83600,
ARG,2736690,2736690,2736690,2736690,2736690,2736690,2736690,2736690,2736690,2736690,2736690,2736690,2736690,2736690,2736690,2736690,2736690,2736690,2736690,2736690,2736690,2736690,2736690,2736690,2736690,2736690,2736690,2736690,2736690,2736690,2736690,2736690,2736690,2736690,2736690,2736690,2736690,2736690,2736690,2736690,2736690,2736690,2736690,2736690,2736690,2736690,2736690,2736690,2736690,2736690,2736690,2736690,2736690,2736690,2736690,2736690,
ARM,28470,28470,28470,28470,28470,28470,28470,28470,28470,28470,28470,28470,28470,28470,28470,28470,28470,28470,28470,28470,28470,28470,28470,28470,28470,28470,28470,28470,28470,28470,28470,28470,28470,28470,28470,28470,28470,28470,28470,28470,28470,28470,28470,28470,28470,28470,28470,28470,28470,28470,28470,28470,28470,28470,28470,28470,
ASM,200,200,200,200,200,200,200,200,200,200,200,200,200,200,200,200,200,200,200,200,200,200,200,200,200,200,200,200,200,200,200,200,200,200,200,200,200,200,200,200,200,200,200,200,200,200,200,200,200,200,200,200,200,200,200,200,
ATG,440,440,440,440,440,440,440,440,440,440,440,440,440,440,440,440,440,440,440,440,440,440,440,440,440,440,440,440,440,440,440,440,440,440,440,440,440,440,440,440,440,440,440,440,440,440,440,440,440,440,440,440,440,440,440,440,
AUS,7682300,7682300,7682300,7682300,7682300,7682300,7682300,7682300,7682300,7682300,7682300,7682300,7682300,7682300,7682300,7682300,7682300,7682300,7682300,7682300,7682300,7682300,7682300,7682300,7682300,7682300,7682300,7682300,7682300,7682300,7682300,7682300,7682300,7682300,7682300,7682300,7682300,7682300,7682300,7682300,7682300,7682300,7682300,7682300,7682300,7682300,7682300,7682300,7682300,7682300,7682300,7682300,7682300,7682300,7682300,7682300,
AUT,82580,82580,82580,82580,82580,82580,82580,82580,82580,82580,82580,82580,82580,82580,82580,82580,82580,82580,82580,82580,82580,82580,82580,82580,82580,82580,82580,82580,82580,82580,82580,82580,82580,82580,82580,82580,82580,82580,82580,82580,82580,82580,82580,82580,82580,82580,82578,82578,82578,82571,82561,82554,82531,82523,82523,82523,
AZE,83217,83217,83217,83217,83217,83217,83217,83217,83217,83217,83217,83217,83217,83217,83217,83217,83217,83217,83217,83217,83217,83217,83217,83217,83217,83217,83217,83217,83217,83217,83217,83217,83217,83217,83217,83217,83217,83092,82705,82605,82604,82618,82652,82672,82660,82637,82629,82627,82622,82656,82658,82658,82659,82663,82663,82663,
BDI,25680,25680,25680,25680,25680,25680,25680,25680,25680,25680,25680,25680,25680,25680,25680,25680,25680,25680,25680,25680,25680,25680,25680,25680,25680,25680,25680,25680,25680,25680,25680,25680,25680,25680,25680,25680,25680,25680,25680,25680,25680,25680,25680,25680,25680,25680,25680,25680,25680,25680,25680,25680,25680,25680,25680,25680,
BEL,,,,,,,,,,,,,,,,,,,,,,,,,,,,,,,,,,,,,,,,30280,30280,30280,30280,30280,30280,30280,30280,30280,30280,30280,30280,30280,30280,30280,30280,30280,
BEN,112760,112760,112760,112760,112760,112760,112760,112760,112760,112760,112760,112760,112760,112760,112760,112760,112760,112760,112760,112760,112760,112760,112760,112760,112760,112760,112760,112760,112760,112760,112760,112760,112760,112760,112760,112760,112760,112760,112760,112760,112760,112760,112760,112760,112760,112760,112760,112760,112760,112760,112760,112760,112760,112760,112760,112760,
BFA,273600,273600,273600,273600,273600,273600,273600,273600,273600,273600,273600,273600,273600,273600,273600,273600,273600,273600,273600,273600,273600,273600,273600,273600,273600,273600,273600,273600,273600,273600,273600,273600,273600,273600,273600,273600,273600,273600,273600,273600,273600,273600,273600,273600,273600,273600,273600,273600,273600,273600,273600,273600,273600,273600,273600,273600,
BGD,130170,130170,130170,130170,130170,130170,130170,130170,130170,130170,130170,130170,130170,130170,130170,130170,130170,130170,130170,130170,130170,130170,130170,130170,130170,130170,130170,130170,130170,130170,130170,130170,130170,130170,130170,130170,130170,130170,130170,130170,130170,130170,130170,130170,130170,130170,130170,130170,130170,130170,130170,130170,130170,130170,130170,130170,
BGR,110630,110630,110630,110630,110630,110630,110630,110630,110630,110630,110630,110630,110630,110630,110630,110630,110630,110630,110630,110630,110630,110630,110630,110630,110630,110630,110630,110630,110630,110630,110630,110630,110630,110630,110630,110630,110630,110630,110630,110630,110630,108800,108770,108760,108640,108630,108610,108610,108560,108560,108560,108560,108560,108560,108560,108560,
BHR,690,690,690,690,690,690,690,690,690,690,690,690,690,690,690,690,690,690,690,690,690,690,690,690,690,690,690,690,690,690,690,710,710,710,710,710,710,710,710,710,710,710,720,730,740,740,750,760,760,762,767,770,770,771,771,771,
BHS,10010,10010,10010,10010,10010,10010,10010,10010,10010,10010,10010,10010,10010,10010,10010,10010,10010,10010,10010,10010,10010,10010,10010,10010,10010,10010,10010,10010,10010,10010,10010,10010,10010,10010,10010,10010,10010,10010,10010,10010,10010,10010,10010,10010,10010,10010,10010,10010,10010,10010,10010,10010,10010,10010,10010,10010,
BIH,51000,51000,51000,51000,51000,51000,51000,51000,51000,51000,51000,51000,51000,51000,51000,51000,51000,51000,51000,51000,51000,51000,51000,51000,51000,51000,51000,51000,51000,51000,51000,51200,51200,51200,51200,51200,51200,51200,51200,51200,51200,51200,51200,51200,51200,51200,51200,51200,51200,51200,51200,51200,51200,51200,51200,51200,
BLR,202840,202840,202840,202840,202840,202840,202840,202840,202840,202840,202840,202840,202840,202840,202840,202840,202840,202840,202840,202840,202840,202840,202840,202840,202840,202840,202840,202840,202840,202840,202840,202840,202840,202840,202840,202840,202840,202840,202840,202840,202840,202830,202830,202810,202830,202900,202900,202900,202820,202900,202910,202910,202910,202910,202910,202910,
BLZ,22810,22810,22810,22810,22810,22810,22810,22810,22810,22810,22810,22810,22810,22810,22810,22810,22810,22810,22810,22810,22810,22810,22810,22810,22810,22810,22810,22810,22810,22810,22810,22810,22810,22810,22810,22810,22810,22810,22810,22810,22810,22810,22810,22810,22810,22810,22810,22810,22810,22810,22810,22810,22810,22810,22810,22810,
BMU,50,50,50,50,50,50,50,50,50,50,50,50,50,50,50,50,50,50,50,50,50,50,50,50,50,50,50,50,50,50,50,50,50,50,50,50,50,50,50,50,50,50,50,50,50,50,50,50,50,50,50,50,50,50,50,50,
BOL,1083300,1083300,1083300,1083300,1083300,1083300,1083300,1083300,1083300,1083300,1083300,1083300,1083300,1083300,1083300,1083300,1083300,1083300,1083300,1083300,1083300,1083300,1083300,1083300,1083300,1083300,1083300,1083300,1083300,1083300,1083300,1083300,1083300,1083300,1083300,1083300,1083300,1083300,1083300,1083300,1083300,1083300,1083300,1083300,1083300,1083300,1083300,1083300,1083300,1083300,1083300,1083300,1083300,1083300,1083300,1083300,
BRA,8358140,8358140,8358140,8358140,8358140,8358140,8358140,8358140,8358140,8358140,8358140,8358140,8358140,8358140,8358140,8358140,8358140,8358140,8358140,8358140,8358140,8358140,8358140,8358140,8358140,8358140,8358140,8358140,8358140,8358140,8358140,8358140,8358140,8358140,8358140,8358140,8358140,8358140,8358140,8358140,8358140,8358140,8358140,8358140,8358140,8358140,8358140,8358140,8358140,8358140,8358140,8358140,8358140,8358140,8358140,8358140,
BRB,430,430,430,430,430,430,430,430,430,430,430,430,430,430,430,430,430,430,430,430,430,430,430,430,430,430,430,430,430,430,430,430,430,430,430,430,430,430,430,430,430,430,430,430,430,430,430,430,430,430,430,430,430,430,430,430,
BRN,5270,5270,5270,5270,5270,5270,5270,5270,5270,5270,5270,5270,5270,5270,5270,5270,5270,5270,5270,5270,5270,5270,5270,5270,5270,5270,5270,5270,5270,5270,5270,5270,5270,5270,5270,5270,5270,5270,5270,5270,5270,5270,5270,5270,5270,5270,5270,5270,5270,5270,5270,5270,5270,5270,5270,5270,
BTN,46723,46723,46723,46723,46723,46723,46723,46723,46723,46723,46723,46723,46723,46723,46723,46723,46723,46723,46723,46723,46723,46723,46723,46723,46723,46723,46723,46723,46723,46723,46723,46723,46723,39800,39800,39800,39800,39800,39800,39800,39800,39800,39800,38117,38117,38117,38117,38117,38117,38117,38117,38117,38117,38117,38117,38117,
BWA,566730,566730,566730,566730,566730,566730,566730,566730,566730,566730,566730,566730,566730,566730,566730,566730,566730,566730,566730,566730,566730,566730,566730,566730,566730,566730,566730,566730,566730,566730,566730,566730,566730,566730,566730,566730,566730,566730,566730,566730,566730,566730,566730,566730,566730,566730,566730,566730,566730,566730,566730,566730,566730,566730,566730,566730,
CAF,622980,622980,622980,622980,622980,622980,622980,622980,622980,622980,622980,622980,622980,622980,622980,622980,622980,622980,622980,622980,622980,622980,622980,622980,622980,622980,622980,622980,622980,622980,622980,622980,622980,622980,622980,622980,622980,622980,622980,622980,622980,622980,622980,622980,622980,622980,622980,622980,622980,622980,622980,622980,622980,622980,622980,622980,
CAN,9093510,9093510,9093510,9093510,9093510,9093510,9093510,9093510,9093510,9093510,9093510,9093510,9093510,9093510,9093510,9093510,9093510,9093510,9093510,9093510,9093510,9093510,9093510,9093510,9093510,9093510,9093510,9093510,9093510,9093510,9093510,9093510,9093510,9093510,9093510,9093510,9093510,9093510,9093510,9093510,9093510,9093510,9093510,9093510,9093510,9093510,9093510,9093510,9093510,9093510,9093510,9093510,9093510,9093510,9093510,9093510,
CEB,1105986,1105966,1105976,1105976,1105966,1105956,1105946,1105936,1105936,1105926,1105916,1105916,1105916,1105916,1105916,1105896,1105906,1105916,1105866,1105856,1105846,1105836,1105826,1105826,1105826,1105826,1105826,1105816,1104826,1104826,1104936,1104936,1104926,1104976,1104956,1105056,1105006,1104996,1105006,1104936,1104936,1103266,1103276,1103436,1103286,1103256,1103146,1103131,1104115,1104156,1104182,1103992,1104003,1103976,1103976,1103976,
CHE,39528,39528,39528,39528,39528,39528,39528,39528,39528,39528,39528,39528,39528,39528,39528,39528,39528,39528,39528,39528,39528,39528,39528,39529,39529,39529,39529,39529,39529,39529,39529,39529,39529,39529,39529,39528,39527,39526,39525,39524,39523,39522,39521,39520,39518,39517,39516,39516,39516,39516,39516,39516,39516,39516,39516,39516,
CHI,190,190,190,190,190,190,190,190,190,190,190,190,190,190,190,190,190,190,190,190,190,190,190,190,190,190,190,190,190,190,190,190,190,190,190,190,190,190,190,190,190,190,190,190,190,190,190,190,190,190,190,190,190,190,190,190,
CHL,743532,743532,743532,743532,743532,743532,743532,743532,743532,743532,743532,743532,743532,743532,743532,743532,743532,743532,743532,743532,743532,743532,743532,743532,743532,743532,743532,743532,743532,743532,743532,743532,743532,743532,743532,743532,743532,743532,743532,743532,743532,743532,743532,743532,743532,743532,743532,743532,743532,743532,743532,743532,743532,743532,743532,743532,
CHN,9388250,9388250,9388250,9388250,9388250,9388250,9388250,9388250,9388250,9388250,9388250,9388250,9388250,9388250,9388250,9388250,9388250,9388250,9388250,9388250,9388250,9388250,9388250,9388250,9388250,9388250,9388250,9388250,9388250,9388250,9388250,9388250,9388250,9388250,9388240,9388230,9388230,9388230,9388230,9388220,9388214.2,9388213.2,9388212.7,9388212.5,9388211.8,9388211.4,9388210.8,9388210.8,9388211,9388211,9388211,9388211,9388211,9388211,9388211,9388211,
CIV,318000,318000,318000,318000,318000,318000,318000,318000,318000,318000,318000,318000,318000,318000,318000,318000,318000,318000,318000,318000,318000,318000,318000,318000,318000,318000,318000,318000,318000,318000,318000,318000,318000,318000,318000,318000,318000,318000,318000,318000,318000,318000,318000,318000,318000,318000,318000,318000,318000,318000,318000,318000,318000,318000,318000,318000,
CMR,472710,472710,472710,472710,472710,472710,472710,472710,472710,472710,472710,472710,472710,472710,472710,472710,472710,472710,472710,472710,472710,472710,472710,472710,472710,472710,472710,472710,472710,472710,472710,472710,472710,472710,472710,472710,472710,472710,472710,472710,472710,472710,472710,472710,472710,472710,472710,472710,472710,472710,472710,472710,472710,472710,472710,472710,
COD,2267050,2267050,2267050,2267050,2267050,2267050,2267050,2267050,2267050,2267050,2267050,2267050,2267050,2267050,2267050,2267050,2267050,2267050,2267050,2267050,2267050,2267050,2267050,2267050,2267050,2267050,2267050,2267050,2267050,2267050,2267050,2267050,2267050,2267050,2267050,2267050,2267050,2267050,2267050,2267050,2267050,2267050,2267050,2267050,2267050,2267050,2267050,2267050,2267050,2267050,2267050,2267050,2267050,2267050,2267050,2267050,
COG,341500,341500,341500,341500,341500,341500,341500,341500,341500,341500,341500,341500,341500,341500,341500,341500,341500,341500,341500,341500,341500,341500,341500,341500,341500,341500,341500,341500,341500,341500,341500,341500,341500,341500,341500,341500,341500,341500,341500,341500,341500,341500,341500,341500,341500,341500,341500,341500,341500,341500,341500,341500,341500,341500,341500,341500,
COL,1109500,1109500,1109500,1109500,1109500,1109500,1109500,1109500,1109500,1109500,1109500,1109500,1109500,1109500,1109500,1109500,1109500,1109500,1109500,1109500,1109500,1109500,1109500,1109500,1109500,1109500,1109500,1109500,1109500,1109500,1109500,1109500,1109500,1109500,1109500,1109500,1109500,1109500,1109500,1109500,1109500,1109500,1109500,1109500,1109500,1109500,1109500,1109500,1109500,1109500,1109500,1109500,1109500,1109500,1109500,1109500,
COM,1861,1861,1861,1861,1861,1861,1861,1861,1861,1861,1861,1861,1861,1861,1861,1861,1861,1861,1861,1861,1861,1861,1861,1861,1861,1861,1861,1861,1861,1861,1861,1861,1861,1861,1861,1861,1861,1861,1861,1861,1861,1861,1861,1861,1861,1861,1861,1861,1861,1861,1861,1861,1861,1861,1861,1861,
CPV,4030,4030,4030,4030,4030,4030,4030,4030,4030,4030,4030,4030,4030,4030,4030,4030,4030,4030,4030,4030,4030,4030,4030,4030,4030,4030,4030,4030,4030,4030,4030,4030,4030,4030,4030,4030,4030,4030,4030,4030,4030,4030,4030,4030,4030,4030,4030,4030,4030,4030,4030,4030,4030,4030,4030,4030,
CRI,51060,51060,51060,51060,51060,51060,51060,51060,51060,51060,51060,51060,51060,51060,51060,51060,51060,51060,51060,51060,51060,51060,51060,51060,51060,51060,51060,51060,51060,51060,51060,51060,51060,51060,51060,51060,51060,51060,51060,51060,51060,51060,51060,51060,51060,51060,51060,51060,51060,51060,51060,51060,51060,51060,51060,51060,
CSS,404800,404800,404800,404800,404800,404800,404800,404800,404800,404800,404800,404800,404800,404800,404940,404940,404940,404940,404940,404850,404850,404850,404850,404850,404850,404850,404850,404850,404850,404850,404850,404850,404850,404850,404850,404850,404850,404850,404850,404850,404850,404850,404850,404850,404850,404850,404850,404850,404850,404850,404850,404850,404850,404850,404850,404850,
CUB,107400,107400,107400,107400,107400,107400,107400,107400,107400,107400,107400,107400,107400,107400,107400,107400,107400,107400,107400,107400,107400,107400,107400,107400,107400,107400,107400,107400,107400,107400,107400,107400,107400,107400,107400,107400,107400,107400,107400,107400,107400,106390,106400,106410,106440,106430,106440,106440,106440,106440,106863,106449,104220,104020,104020,104020,
CUW,444,444,444,444,444,444,444,444,444,444,444,444,444,444,444,444,444,444,444,444,444,444,444,444,444,444,444,444,444,444,444,444,444,444,444,444,444,444,444,444,444,444,444,444,444,444,444,444,444,444,444,444,444,444,444,444,
CYM,240,240,240,240,240,240,240,240,240,240,240,240,240,240,240,240,240,240,240,240,240,240,240,240,240,240,240,240,240,240,240,240,240,240,240,240,240,240,240,240,240,240,240,240,240,240,240,240,240,240,240,240,240,240,240,240,
CYP,9240,9240,9240,9240,9240,9240,9240,9240,9240,9240,9240,9240,9240,9240,9240,9240,9240,9240,9240,9240,9240,9240,9240,9240,9240,9240,9240,9240,9240,9240,9240,9240,9240,9240,9240,9240,9240,9240,9240,9240,9240,9240,9240,9240,9240,9240,9240,9240,9240,9240,9240,9240,9240,9240,9240,9240,
CZE,77270,77270,77270,77270,77270,77270,77270,77270,77270,77270,77270,77270,77270,77270,77270,77270,77270,77270,77270,77270,77270,77270,77270,77270,77270,77270,77270,77270,77270,77270,77270,77270,77270,77270,77270,77270,77270,77270,77270,77270,77270,77270,77270,77260,77260,77250,77250,77250,77250,77240,77240,77230,77230,77210,77210,77210,
DEU,349130,349130,349130,349130,349130,349130,349130,349130,349130,349130,349130,349130,349130,349130,349130,349130,349130,349130,349130,349130,349130,349130,349130,349130,349130,349130,349130,349130,349130,349130,349130,349130,349120,349110,349100,349090,349050,349020,348980,348950,348900,348860,348810,348770,348760,348720,348670,348630,348610,348570,348560,348540,348880,348900,348900,348900,
DJI,23180,23180,23180,23180,23180,23180,23180,23180,23180,23180,23180,23180,23180,23180,23180,23180,23180,23180,23180,23180,23180,23180,23180,23180,23180,23180,23180,23180,23180,23180,23180,23180,23180,23180,23180,23180,23180,23180,23180,23180,23180,23180,23180,23180,23180,23180,23180,23180,23180,23180,23180,23180,23180,23180,23180,23180,
DMA,750,750,750,750,750,750,750,750,750,750,750,750,750,750,750,750,750,750,750,750,750,750,750,750,750,750,750,750,750,750,750,750,750,750,750,750,750,750,750,750,750,750,750,750,750,750,750,750,750,750,750,750,750,750,750,750,
DNK,42370,42370,42370,42370,42370,42370,42370,42370,42370,42370,42370,42370,42370,42370,42370,42370,42370,42370,42380,42380,42380,42380,42380,42380,42380,42380,42390,42390,42390,42390,42390,42430,42430,42430,42430,42430,42430,42430,42430,42430,42430,42430,42430,42430,42430,42430,42430,42430,42430,42430,42430,42230,42256,42262,42262,42262,
DOM,48310,48310,48310,48310,48310,48310,48310,48310,48310,48310,48310,48310,48310,48310,48310,48310,48310,48310,48310,48310,48310,48310,48310,48310,48310,48310,48310,48310,48310,48310,48310,48310,48310,48310,48310,48310,48310,48310,48310,48310,48310,48310,48310,48310,48310,48310,48310,48310,48310,48310,48310,48310,48310,48310,48310,48310,
DZA,2381740,2381740,2381740,2381740,2381740,2381740,2381740,2381740,2381740,2381740,2381740,2381740,2381740,2381740,2381740,2381740,2381740,2381740,2381740,2381740,2381740,2381740,2381740,2381740,2381740,2381740,2381740,2381740,2381740,2381740,2381740,2381740,2381740,2381740,2381740,2381740,2381740,2381740,2381740,2381740,2381740,2381740,2381740,2381740,2381740,2381740,2381740,2381740,2381740,2381740,2381740,2381740,2381740,2381741,2381741,2381741,
EAP,15928630,15928630,15928630,15928630,15928630,15928630,15928630,15928630,15928630,15928630,15928630,15928630,15928600,15928560,15928540,15928540,15928540,15928540,15928540,15928540,15928540,15928540,15928540,15928540,15928540,15928540,15928540,15928540,15928540,15928540,15929420,15929420,15929420,15929420,15929410,15929400,15929400,15929400,15929400,15914960,15914984.2,15914443.2,15913962.7,15913842.5,15913781.8,15913891.4,15913940.8,15913730.8,15913721,15913681,15913711,15913571,15913501,15913501,15913501,15913501,
EAR,33246133,33246133,33246133,33246133,33246133,33246133,33246133,33246133,33246133,33246133,33246133,33246133,33246103,33246063,33246043,33245913,33245913,33245913,33245913,33245913,33245913,33245913,33245913,33245913,33245913,33245913,33245913,33245913,33245913,33245913,33246613,33246633,33145633,33138710,33138710,33138710,33138710,33110230,33110230,33110580,33110580,33110580,33110400,33108587,33108537,33108707,33108777,33108577,33109107,33109059,33109094,33108957,33108887,33107715,33107715,33107715,
EAS,24402270,24402270,24402270,24402270,24402270,24402270,24402270,24402270,24402270,24402270,24402270,24402170,24402140,24402100,24401970,24401970,24401860,24401860,24401860,24401760,24401860,24401650,24401650,24400150,24400050,24400150,24400050,24400050,24400050,24400050,24401850,24401850,24401850,24401850,24401900,24401790,24401790,24401790,24401790,24387350,24387660.2,24387175.2,24386716.7,24386619.5,24386588.8,24386734,24386825,24386730,24386790.5,24386932.7,24386969.9,24386956.9,24387004.3,24387020.3,24387020.3,24387020.3,
ECA,22695114,22695114,22695114,22695114,22695114,22695114,22695114,22695114,22695114,22695114,22695114,22695114,22695114,22695114,22695114,22695114,22695114,22695114,22695114,22695114,22695114,22695114,22695114,22695114,22695114,22695114,22695114,22695114,22694124,22694124,22694234,22694434,22690744,22685934,22682954,22682634,22683324,22685829,22692652,22685472,22684571,22683395,22683509,22683859,22683937,22680304,22679956,22679084,22679099,22679163,22679295,22679155,22679186,22678026,22678026,22678026,
ECS,27358487,27358467,27358477,27358477,27358467,27358457,27358447,27358437,27358437,27358427,27358417,27358417,27358417,27358387,27358267,27358187,27358167,27358167,27358137,27358057,27358037,27358027,27357987,27357998,27357998,27357998,27358008,27357998,27357008,27357008,27357118,27357358,27353648,27348828,27345838,27345507,27414846,27417320,27424102,27449142,27447710,27447013,27447536,27447585,27447511,27443227,27442936,27441499,27442318,27443736,27443604,27440527,27440882,27439638,27439638,27439638,
ECU,276840,276840,276840,276840,276840,276840,276840,276840,276840,276840,276840,276840,276840,276840,276840,276840,276840,276840,276840,276840,276840,276840,276840,276840,276840,276840,276840,276840,276840,276840,276840,276840,276840,276840,276840,276840,276840,248360,248360,248360,248360,248360,248360,248360,248360,248360,248360,248360,248360,248360,248360,248360,248360,248360,248360,248360,
EGY,995450,995450,995450,995450,995450,995450,995450,995450,995450,995450,995450,995450,995450,995450,995450,995450,995450,995450,995450,995450,995450,995450,995450,995450,995450,995450,995450,995450,995450,995450,995450,995450,995450,995450,995450,995450,995450,995450,995450,995450,995450,995450,995450,995450,995450,995450,995450,995450,995450,995450,995450,995450,995450,995450,995450,995450,
EMU,2645872,2645872,2645872,2645872,2645872,2645872,2645872,2645872,2645872,2645872,2645872,2645872,2645872,2645842,2645722,2645662,2645632,2645622,2645632,2645562,2645552,2645552,2645522,2645532,2645532,2645532,2645532,2645532,2645532,2645532,2645532,2645532,2645522,2645512,2645502,2645492,2645452,2645422,2645382,2677783,2677253,2677733,2678193,2677813,2677673,2677043,2677101,2676556,2676460,2677824,2677610,2677893,2678201,2678181,2678181,2678181,
ERI,,,,,,,,,,,,,,,,,,,,,,,,,,,,,,,,,101000,101000,101000,101000,101000,101000,101000,101000,101000,101000,101000,101000,101000,101000,101000,101000,101000,101000,101000,101000,101000,101000,101000,101000,
ESP,499780,499780,499780,499780,499780,499780,499780,499780,499780,499780,499780,499780,499780,499750,499630,499570,499540,499530,499540,499470,499460,499460,499430,499440,499440,499440,499440,499440,499440,499440,499440,499440,499440,499440,499440,499440,499440,499440,499440,499000,498520,499040,499210,499180,499090,498980,499110,498800,498660,500010,499880,500210,500210,500210,500210,500210,
EST,42390,42390,42390,42390,42390,42390,42390,42390,42390,42390,42390,42390,42390,42390,42390,42390,42390,42390,42390,42390,42390,42390,42390,42390,42390,42390,42390,42390,42390,42390,42390,42390,42390,42390,42390,42390,42390,42390,42390,42390,42390,42390,42390,42390,42390,42390,42390,42390,42390,42390,42390,42390,42390,42390,42390,42390,
ETH,1101000,1101000,1101000,1101000,1101000,1101000,1101000,1101000,1101000,1101000,1101000,1101000,1101000,1101000,1101000,1101000,1101000,1101000,1101000,1101000,1101000,1101000,1101000,1101000,1101000,1101000,1101000,1101000,1101000,1101000,1101000,1101000,1000000,1000000,1000000,1000000,1000000,1000000,1000000,1000000,1000000,1000000,1000000,1000000,1000000,1000000,1000000,1000000,1000000,1000000,1000000,1000000,1000000,1000000,1000000,1000000,
EUU,4210992,4210972,4210982,4210982,4210972,4210962,4210952,4210942,4210942,4210932,4210922,4210922,4210922,4210892,4210772,4210692,4210672,4210672,4210642,4210562,4210542,4210532,4210492,4210502,4210502,4210502,4210512,4210502,4209512,4209512,4209622,4209662,4209642,4209682,4209652,4209742,4209652,4209612,4209582,4241913,4241383,4240193,4240653,4240443,4240153,4239493,4239441,4238886,4239800,4241144,4241000,4237913,4238247,4238213,4238213,4238213,
FCS,15269588,15269588,15269588,15269588,15269588,15269588,15269588,15269588,15269588,15269588,15269588,15269588,15269588,15269188,15268788,15268788,15268788,15268788,15268788,15268788,15268788,15268788,15268788,15268788,15268788,15268788,15268788,15268788,15268788,15268788,15269668,15269668,15370668,15370668,15370668,15370668,15370668,15370668,15370668,15370668,15370668,15370668,15370478,15370338,15370278,15370448,15370508,15370298,15367238,15367188,15367218,15367078,15367008,15367008,15367008,15367008,
FIN,304590,304590,304590,304590,304590,304590,304590,304590,304590,304590,304590,304590,304590,304590,304590,304590,304590,304590,304590,304590,304590,304590,304590,304590,304590,304590,304590,304590,304590,304590,304590,304590,304590,304590,304590,304590,304590,304590,304590,304590,304590,304590,304590,304590,304590,304110,304090,303900,303900,303900,303890,303890,303890,303890,303890,303890,
FJI,18270,18270,18270,18270,18270,18270,18270,18270,18270,18270,18270,18270,18270,18270,18270,18270,18270,18270,18270,18270,18270,18270,18270,18270,18270,18270,18270,18270,18270,18270,18270,18270,18270,18270,18270,18270,18270,18270,18270,18270,18270,18270,18270,18270,18270,18270,18270,18270,18270,18270,18270,18270,18270,18270,18270,18270,
FRA,547566,547566,547566,547566,547566,547566,547566,547566,547566,547566,547566,547566,547566,547566,547566,547566,547566,547566,547566,547566,547566,547566,547566,547566,547566,547566,547566,547566,547566,547566,547566,547566,547566,547566,547566,547566,547566,547566,547566,547567,547567,547567,547867,547567,547557,547557,547557,547557,547557,547557,547557,547557,547557,547557,547557,547557,
FRO,1396,1396,1396,1396,1396,1396,1396,1396,1396,1396,1396,1396,1396,1396,1396,1396,1396,1396,1396,1396,1396,1396,1396,1396,1396,1396,1396,1396,1396,1396,1396,1396,1396,1396,1396,1396,1396,1396,1396,1396,1396,1396,1396,1396,1396,1396,1396,1396,1396,1396,1396,1396,1396,1396,1396,1396,
FSM,,,,,,,,,,,,,,,,,,,,,,,,,,,,,,,700,700,700,700,700,700,700,700,700,700,700,700,700,700,700,700,700,700,700,700,700,700,700,700,700,700,
GAB,257670,257670,257670,257670,257670,257670,257670,257670,257670,257670,257670,257670,257670,257670,257670,257670,257670,257670,257670,257670,257670,257670,257670,257670,257670,257670,257670,257670,257670,257670,257670,257670,257670,257670,257670,257670,257670,257670,257670,257670,257670,257670,257670,257670,257670,257670,257670,257670,257670,257670,257670,257670,257670,257670,257670,257670,
GBR,241930,241930,241930,241930,241930,241930,241930,241930,241930,241930,241930,241930,241930,241930,241930,241930,241930,241930,241930,241930,241930,241930,241930,241930,241930,241930,241930,241930,241930,241930,241930,241930,241930,241930,241930,241930,241930,241930,241930,241930,241930,241930,241930,241930,241930,241930,241930,241930,241930,241930,241930,241930,241930,241930,241930,241930,
GEO,69490,69490,69490,69490,69490,69490,69490,69490,69490,69490,69490,69490,69490,69490,69490,69490,69490,69490,69490,69490,69490,69490,69490,69490,69490,69490,69490,69490,69490,69490,69490,69490,69490,69490,69490,69490,69490,69490,69490,69490,69490,69490,69490,69490,69490,69490,69490,69490,69490,69490,69490,69490,69490,69490,69490,69490,
GHA,227540,227540,227540,227540,227540,227540,227540,227540,227540,227540,227540,227540,227540,227540,227540,227540,227540,227540,227540,227540,227540,227540,227540,227540,227540,227540,227540,227540,227540,227540,227540,227540,227540,227540,227540,227540,227540,227540,227540,227540,227540,227540,227540,227540,227540,227540,227540,227540,227540,227540,227540,227540,227540,227540,227540,227540,
GIB,10,10,10,10,10,10,10,10,10,10,10,10,10,10,10,10,10,10,10,10,10,10,10,10,10,10,10,10,10,10,10,10,10,10,10,10,10,10,10,10,10,10,10,10,10,10,10,10,10,10,10,10,10,10,10,10,
GIN,245720,245720,245720,245720,245720,245720,245720,245720,245720,245720,245720,245720,245720,245720,245720,245720,245720,245720,245720,245720,245720,245720,245720,245720,245720,245720,245720,245720,245720,245720,245720,245720,245720,245720,245720,245720,245720,245720,245720,245720,245720,245720,245720,245720,245720,245720,245720,245720,245720,245720,245720,245720,245720,245720,245720,245720,
GMB,10120,10120,10120,10120,10120,10120,10120,10120,10120,10120,10120,10120,10120,10120,10120,10120,10120,10120,10120,10120,10120,10120,10120,10120,10120,10120,10120,10120,10120,10120,10120,10120,10120,10120,10120,10120,10120,10120,10120,10120,10120,10120,10120,10120,10120,10120,10120,10120,10120,10120,10120,10120,10120,10120,10120,10120,
GNB,28120,28120,28120,28120,28120,28120,28120,28120,28120,28120,28120,28120,28120,28120,28120,28120,28120,28120,28120,28120,28120,28120,28120,28120,28120,28120,28120,28120,28120,28120,28120,28120,28120,28120,28120,28120,28120,28120,28120,28120,28120,28120,28120,28120,28120,28120,28120,28120,28120,28120,28120,28120,28120,28120,28120,28120,
GNQ,28050,28050,28050,28050,28050,28050,28050,28050,28050,28050,28050,28050,28050,28050,28050,28050,28050,28050,28050,28050,28050,28050,28050,28050,28050,28050,28050,28050,28050,28050,28050,28050,28050,28050,28050,28050,28050,28050,28050,28050,28050,28050,28050,28050,28050,28050,28050,28050,28050,28050,28050,28050,28050,28050,28050,28050,
GRC,128900,128900,128900,128900,128900,128900,128900,128900,128900,128900,128900,128900,128900,128900,128900,128900,128900,128900,128900,128900,128900,128900,128900,128900,128900,128900,128900,128900,128900,128900,128900,128900,128900,128900,128900,128900,128900,128900,128900,128900,128900,128900,128900,128900,128900,128900,128900,128900,128900,128900,128900,128900,128900,128900,128900,128900,
GRD,340,340,340,340,340,340,340,340,340,340,340,340,340,340,340,340,340,340,340,340,340,340,340,340,340,340,340,340,340,340,340,340,340,340,340,340,340,340,340,340,340,340,340,340,340,340,340,340,340,340,340,340,340,340,340,340,
GRL,341700,341700,341700,341700,341700,341700,341700,341700,341700,341700,341700,341700,341700,341700,341700,341700,341700,341700,341700,341700,341700,341700,341700,341700,341700,341700,341700,341700,341700,341700,341700,341700,341700,341700,341700,341700,410450,410450,410450,410450,410450,410450,410450,410450,410450,410450,410450,410450,410450,410450,410450,410450,410450,410450,410450,410450,
GTM,107160,107160,107160,107160,107160,107160,107160,107160,107160,107160,107160,107160,107160,107160,107160,107160,107160,107160,107160,107160,107160,107160,107160,107160,107160,107160,107160,107160,107160,107160,107160,107160,107160,107160,107160,107160,107160,107160,107160,107160,107160,107160,107160,107160,107160,107160,107160,107160,107160,107160,107160,107160,107160,107160,107160,107160,
GUM,540,540,540,540,540,540,540,540,540,540,540,540,540,540,540,540,540,540,540,540,540,540,540,540,540,540,540,540,540,540,540,540,540,540,540,540,540,540,540,540,540,540,540,540,540,540,540,540,540,540,540,540,540,540,540,540,
GUY,196710,196710,196710,196710,196710,196710,196710,196710,196710,196710,196710,196710,196710,196710,196850,196850,196850,196850,196850,196850,196850,196850,196850,196850,196850,196850,196850,196850,196850,196850,196850,196850,196850,196850,196850,196850,196850,196850,196850,196850,196850,196850,196850,196850,196850,196850,196850,196850,196850,196850,196850,196850,196850,196850,196850,196850,
HIC,34931047.4,34931027.4,34931037.4,34931037.4,34931027.4,34931017.4,34931007.4,34930997.4,34930997.4,34930987.4,34930977.4,34930877.4,34930877.4,34930847.4,34930617.4,34930537.4,34930407.4,34930407.4,34930377.4,34930107.4,34930187.4,34929967.4,34929927.4,34928438.4,34928338.4,34928438.4,34928348.4,34928338.4,34928338.4,34928338.4,34929258.4,34929318.4,34929298.4,34929288.4,34929338.4,34929227.4,34997876.4,34997845.4,34997804.4,35032984.4,35032739.4,35033274.4,35033715.4,35033447.4,35033335.4,35032720,35032828.6,35017888.6,35018762.9,35020301.1,35020049.3,35017242.3,35017683.7,35017616.7,35017616.7,35017616.7,
HKG,1020,1020,1020,1020,1020,1020,1020,1020,1020,1020,1020,1020,1020,1020,1010,1010,1000,1000,1000,1000,1000,990,990,990,990,990,990,990,990,990,990,990,990,990,1050,1050,1050,1050,1050,1050,1050,1050,1050,1050,1050,1050,1050,1050,1050,1050,1050,1050,1050,1050,1050,1050,
HND,111890,111890,111890,111890,111890,111890,111890,111890,111890,111890,111890,111890,111890,111890,111890,111890,111890,111890,111890,111890,111890,111890,111890,111890,111890,111890,111890,111890,111890,111890,111890,111890,111890,111890,111890,111890,111890,111890,111890,111890,111890,111890,111890,111890,111890,111890,111890,111890,111890,111890,111890,111890,111890,111890,111890,111890,
HPC,19754481,19754481,19754481,19754481,19754481,19754481,19754481,19754481,19754481,19754481,19754481,19754481,19754481,19754081,19753821,19753821,19753821,19753821,19753821,19753821,19753821,19753821,19753821,19753821,19753821,19753821,19753821,19753821,19753821,19753821,19753821,19753821,19753821,19753821,19753821,19753821,19753821,19753821,19753821,19753821,19753821,19753821,19753821,19753821,19753821,19753821,19753821,19753821,19753821,19754531,19754786,19754786,19754791,19754791,19754791,19754791,
HRV,55910,55910,55910,55910,55910,55910,55910,55910,55910,55910,55910,55910,55910,55910,55910,55910,55910,55910,55910,55910,55910,55910,55910,55910,55910,55910,55910,55910,55910,55910,55910,55910,55910,55910,55910,55980,55980,55910,55910,55910,55910,55910,55910,55960,55960,55960,55960,55960,55960,55960,55960,55960,55960,55960,55960,55960,
HTI,27560,27560,27560,27560,27560,27560,27560,27560,27560,27560,27560,27560,27560,27560,27560,27560,27560,27560,27560,27560,27560,27560,27560,27560,27560,27560,27560,27560,27560,27560,27560,27560,27560,27560,27560,27560,27560,27560,27560,27560,27560,27560,27560,27560,27560,27560,27560,27560,27560,27560,27560,27560,27560,27560,27560,27560,
HUN,90040,90020,90030,90030,90020,90010,90000,89990,89990,89980,89970,89970,89970,89970,89970,89950,89960,89970,89920,89910,89900,89890,89880,89880,89880,89880,89880,89870,89870,89870,89870,89870,89860,89860,89860,89860,89800,89800,89800,89620,89620,89620,89620,89620,89610,89610,89610,89610,90530,90530,90530,90530,90530,90530,90530,90530,
IBD,69459539,69459539,69459539,69459539,69459539,69459539,69459539,69459539,69459539,69459539,69459539,69459539,69459469,69459429,69459409,69459279,69459279,69459279,69459279,69459189,69459189,69459189,69459189,69459189,69459189,69459189,69459189,69459189,69458199,69458199,69458769,69458969,69455199,69450399,69447419,69447089,69447789,69421824,69428657,69407057,69406180.2,69404463.2,69404056.7,69404486.5,69404553.8,69400910.4,69400561.8,69399669.8,69397155,69397259,69397341,69397181,69397182,69397187,69397187,69397187,
IBT,95787600,95787600,95787600,95787600,95787600,95787600,95787600,95787600,95787600,95787600,95787600,95787600,95787530,95787090,95786810,95786680,95786680,95786680,95786680,95786590,95786590,95786590,95786590,95786590,95786590,95786590,95786590,95786590,95785600,95785600,95787050,95787250,95783560,95771827,95768837,95768507,95769197,95743222,95750045,95728775,95727898.2,95726181.2,95725574.7,95724191.5,95724208.8,95720735.4,95720446.8,95719344.8,95716820,95717544,95717911,95717621,95717577,95716398,95716398,95716398,
IDA,26328061,26328061,26328061,26328061,26328061,26328061,26328061,26328061,26328061,26328061,26328061,26328061,26328061,26327661,26327401,26327401,26327401,26327401,26327401,26327401,26327401,26327401,26327401,26327401,26327401,26327401,26327401,26327401,26327401,26327401,26328281,26328281,26328361,26321428,26321418,26321418,26321408,26321398,26321388,26321718,26321718,26321718,26321518,26319705,26319655,26319825,26319885,26319675,26319665,26320285,26320570,26320440,26320395,26319211,26319211,26319211,
IDB,5937530,5937530,5937530,5937530,5937530,5937530,5937530,5937530,5937530,5937530,5937530,5937530,5937530,5937530,5937530,5937530,5937530,5937530,5937530,5937530,5937530,5937530,5937530,5937530,5937530,5937530,5937530,5937530,5937530,5937530,5937530,5937530,5937610,5937600,5937590,5937590,5937580,5937570,5937560,5937540,5937540,5937540,5937530,5937540,5937550,5937550,5937550,5937550,5937550,5937510,5937510,5937520,5937540,5937530,5937530,5937530,
IDN,1811570,1811570,1811570,1811570,1811570,1811570,1811570,1811570,1811570,1811570,1811570,1811570,1811570,1811570,1811570,1811570,1811570,1811570,1811570,1811570,1811570,1811570,1811570,1811570,1811570,1811570,1811570,1811570,1811570,1811570,1811570,1811570,1811570,1811570,1811570,1811570,1811570,1811570,1811570,1811570,1811570,1811570,1811570,1811570,1811570,1811570,1811570,1811570,1811570,1811570,1811570,1811570,1811570,1811570,1811570,1811570,
IDX,20390531,20390531,20390531,20390531,20390531,20390531,20390531,20390531,20390531,20390531,20390531,20390531,20390531,20390131,20389871,20389871,20389871,20389871,20389871,20389871,20389871,20389871,20389871,20389871,20389871,20389871,20389871,20389871,20389871,20389871,20390751,20390751,20390751,20383828,20383828,20383828,20383828,20383828,20383828,20384178,20384178,20384178,20383988,20382165,20382105,20382275,20382335,20382125,20382115,20382775,20383060,20382920,20382855,20381681,20381681,20381681,
IMN,570,570,570,570,570,570,570,570,570,570,570,570,570,570,570,570,570,570,570,570,570,570,570,570,570,570,570,570,570,570,570,570,570,570,570,570,570,570,570,570,570,570,570,570,570,570,570,570,570,570,570,570,570,570,570,570,
IND,2973190,2973190,2973190,2973190,2973190,2973190,2973190,2973190,2973190,2973190,2973190,2973190,2973190,2973190,2973190,2973190,2973190,2973190,2973190,2973190,2973190,2973190,2973190,2973190,2973190,2973190,2973190,2973190,2973190,2973190,2973190,2973190,2973190,2973190,2973190,2973190,2973190,2973190,2973190,2973190,2973190,2973190,2973190,2973190,2973190,2973190,2973190,2973190,2973190,2973190,2973190,2973190,2973190,2973190,2973190,2973190,
INX,,,,,,,,,,,,,,,,,,,,,,,,,,,,,,,,,,,,,,,,,,,,,,,,,,,,,,,,,
IRL,68890,68890,68890,68890,68890,68890,68890,68890,68890,68890,68890,68890,68890,68890,68890,68890,68890,68890,68890,68890,68890,68890,68890,68890,68890,68890,68890,68890,68890,68890,68890,68890,68890,68890,68890,68890,68890,68890,68890,68890,68890,68890,68890,68890,68890,68890,68890,68890,68890,68890,68890,68890,68890,68890,68890,68890,
IRN,1628760,1628760,1628760,1628760,1628760,1628760,1628760,1628760,1628760,1628760,1628760,1628760,1628760,1628760,1628760,1628760,1628760,1628760,1628760,1628760,1628760,1628760,1628760,1628760,1628760,1628760,1628760,1628760,1628760,1628760,1628760,1628760,1628760,1628760,1628760,1628760,1628760,1628760,1628760,1628760,1628760,1628760,1628760,1628760,1628760,1628760,1628760,1628760,1628760,1628760,1628760,1628760,1628760,1628760,1628760,1628760,
IRQ,437370,437370,437370,437370,437370,437370,437370,437370,437370,437370,437370,437370,437370,437370,437370,437370,437370,437370,437370,437370,437370,437370,437370,437370,437370,437370,437370,437370,437370,437370,437370,437370,437370,437370,437370,437370,437370,437370,437370,437370,437370,437370,437370,437370,437370,437370,437370,437370,434320,434320,434320,434320,434320,434320,434320,434320,
ISL,100250,100250,100250,100250,100250,100250,100250,100250,100250,100250,100250,100250,100250,100250,100250,100250,100250,100250,100250,100250,100250,100250,100250,100250,100250,100250,100250,100250,100250,100250,100250,100250,100250,100250,100250,100250,100250,100250,100250,100250,100250,100250,100250,100250,100250,100250,100250,100250,100250,100250,100250,100250,100250,100250,100250,100250,
ISR,21640,21640,21640,21640,21640,21640,21640,21640,21640,21640,21640,21640,21640,21640,21640,21640,21640,21640,21640,21640,21640,21640,21640,21640,21640,21640,21640,21640,21640,21640,21640,21640,21640,21640,21640,21640,21640,21640,21640,21640,21640,21640,21640,21640,21640,21640,21640,21640,21640,21640,21640,21640,21640,21640,21640,21640,
ITA,294110,294110,294110,294110,294110,294110,294110,294110,294110,294110,294110,294110,294110,294110,294110,294110,294110,294110,294110,294110,294110,294110,294110,294110,294110,294110,294110,294110,294110,294110,294110,294110,294110,294110,294110,294110,294110,294110,294110,294110,294110,294110,294140,294140,294140,294140,294140,294140,294140,294140,294140,294140,294140,294140,294140,294140,
JAM,10830,10830,10830,10830,10830,10830,10830,10830,10830,10830,10830,10830,10830,10830,10830,10830,10830,10830,10830,10830,10830,10830,10830,10830,10830,10830,10830,10830,10830,10830,10830,10830,10830,10830,10830,10830,10830,10830,10830,10830,10830,10830,10830,10830,10830,10830,10830,10830,10830,10830,10830,10830,10830,10830,10830,10830,
JOR,88240,88240,88240,88240,88240,88240,88240,88240,88240,88240,88240,88240,88240,88240,88240,88240,88240,88240,88240,88240,88240,88240,88240,88240,88240,88240,88240,88240,88240,88240,88240,88240,88240,88240,88240,88240,88240,88240,88240,88240,88240,88240,88240,88240,88240,88240,88240,88240,88780,88780,88780,88780,88780,88780,88780,88780,
JPN,366700,366700,366700,366700,366700,366700,366700,366700,366700,366700,366700,366600,366600,366600,366500,366500,366400,366400,366400,366300,366400,366200,366200,364700,364600,364700,364600,364600,364600,364600,364600,364600,364600,364600,364600,364500,364500,364500,364500,364500,364500,364500,364500,364500,364500,364500,364500,364500,364500,364550,364555,364560,364560,364560,364560,364560,
KAZ,2699700,2699700,2699700,2699700,2699700,2699700,2699700,2699700,2699700,2699700,2699700,2699700,2699700,2699700,2699700,2699700,2699700,2699700,2699700,2699700,2699700,2699700,2699700,2699700,2699700,2699700,2699700,2699700,2699700,2699700,2699700,2699700,2699700,2699700,2699700,2699700,2699700,2699700,2699700,2699700,2699700,2699700,2699700,2699700,2699700,2699700,2699700,2699700,2699700,2699700,2699700,2699700,2699700,2699700,2699700,2699700,
KEN,569140,569140,569140,569140,569140,569140,569140,569140,569140,569140,569140,569140,569140,569140,569140,569140,569140,569140,569140,569140,569140,569140,569140,569140,569140,569140,569140,569140,569140,569140,569140,569140,569140,569140,569140,569140,569140,569140,569140,569140,569140,569140,569140,569140,569140,569140,569140,569140,569140,569140,569140,569140,569140,569140,569140,569140,
KGZ,191800,191800,191800,191800,191800,191800,191800,191800,191800,191800,191800,191800,191800,191800,191800,191800,191800,191800,191800,191800,191800,191800,191800,191800,191800,191800,191800,191800,191800,191800,191800,191800,191800,191800,191800,191800,191800,191800,191800,191800,191800,191800,191800,191800,191800,191800,191800,191800,191800,191800,191800,191800,191800,191800,191800,191800,
KHM,176520,176520,176520,176520,176520,176520,176520,176520,176520,176520,176520,176520,176520,176520,176520,176520,176520,176520,176520,176520,176520,176520,176520,176520,176520,176520,176520,176520,176520,176520,176520,176520,176520,176520,176520,176520,176520,176520,176520,176520,176520,176520,176520,176520,176520,176520,176520,176520,176520,176520,176520,176520,176520,176520,176520,176520,
KIR,810,810,810,810,810,810,810,810,810,810,810,810,810,810,810,810,810,810,810,810,810,810,810,810,810,810,810,810,810,810,810,810,810,810,810,810,810,810,810,810,810,810,810,810,810,810,810,810,810,810,810,810,810,810,810,810,
KNA,350,350,350,350,350,350,350,350,350,350,350,350,350,350,350,350,350,350,350,260,260,260,260,260,260,260,260,260,260,260,260,260,260,260,260,260,260,260,260,260,260,260,260,260,260,260,260,260,260,260,260,260,260,260,260,260,
KOR,96460,96460,96460,96460,96460,96460,96460,96460,96460,96460,96460,96460,96460,96460,96460,96460,96460,96460,96460,96460,96460,96460,96460,96460,96460,96460,96460,96460,96460,96460,96460,96460,96460,96460,96460,96460,96460,96460,96460,96460,96740,96790,96800,96820,96850,96880,96920,97030,97100,97230,97230,97350,97466,97480,97480,97480,
KWT,17820,17820,17820,17820,17820,17820,17820,17820,17820,17820,17820,17820,17820,17820,17820,17820,17820,17820,17820,17820,17820,17820,17820,17820,17820,17820,17820,17820,17820,17820,17820,17820,17820,17820,17820,17820,17820,17820,17820,17820,17820,17820,17820,17820,17820,17820,17820,17820,17820,17820,17820,17820,17820,17820,17820,17820,
LAC,19125120,19125120,19125120,19125120,19125120,19125120,19125120,19125120,19125120,19125120,19125120,19125120,19125120,19125120,19125260,19125130,19125130,19125130,19125130,19125130,19125130,19125130,19125130,19125130,19125130,19125130,19125130,19125130,19125130,19125130,19125130,19125130,19125130,19125130,19125130,19125130,19125130,19096650,19096650,19096650,19096650,19095640,19095650,19095660,19095690,19095680,19095690,19095690,19095690,19095690,19096113,19095699,19093470,19093270,19093270,19093270,
LAO,230800,230800,230800,230800,230800,230800,230800,230800,230800,230800,230800,230800,230800,230800,230800,230800,230800,230800,230800,230800,230800,230800,230800,230800,230800,230800,230800,230800,230800,230800,230800,230800,230800,230800,230800,230800,230800,230800,230800,230800,230800,230800,230800,230800,230800,230800,230800,230800,230800,230800,230800,230800,230800,230800,230800,230800,
LBN,10230,10230,10230,10230,10230,10230,10230,10230,10230,10230,10230,10230,10230,10230,10230,10230,10230,10230,10230,10230,10230,10230,10230,10230,10230,10230,10230,10230,10230,10230,10230,10230,10230,10230,10230,10230,10230,10230,10230,10230,10230,10230,10230,10230,10230,10230,10230,10230,10230,10230,10230,10230,10230,10230,10230,10230,
LBR,96320,96320,96320,96320,96320,96320,96320,96320,96320,96320,96320,96320,96320,96320,96320,96320,96320,96320,96320,96320,96320,96320,96320,96320,96320,96320,96320,96320,96320,96320,96320,96320,96320,96320,96320,96320,96320,96320,96320,96320,96320,96320,96320,96320,96320,96320,96320,96320,96320,96320,96320,96320,96320,96320,96320,96320,
LBY,1759540,1759540,1759540,1759540,1759540,1759540,1759540,1759540,1759540,1759540,1759540,1759540,1759540,1759540,1759540,1759540,1759540,1759540,1759540,1759540,1759540,1759540,1759540,1759540,1759540,1759540,1759540,1759540,1759540,1759540,1759540,1759540,1759540,1759540,1759540,1759540,1759540,1759540,1759540,1759540,1759540,1759540,1759540,1759540,1759540,1759540,1759540,1759540,1759540,1759540,1759540,1759540,1759540,1759540,1759540,1759540,
LCA,610,610,610,610,610,610,610,610,610,610,610,610,610,610,610,610,610,610,610,610,610,610,610,610,610,610,610,610,610,610,610,610,610,610,610,610,610,610,610,610,610,610,610,610,610,610,610,610,610,610,610,610,610,610,610,610,
LCN,20071304.4,20071304.4,20071304.4,20071304.4,20071304.4,20071304.4,20071304.4,20071304.4,20071304.4,20071304.4,20071304.4,20071304.4,20071304.4,20071304.4,20071444.4,20071314.4,20071314.4,20071314.4,20071314.4,20071224.4,20071224.4,20071224.4,20071224.4,20071224.4,20071224.4,20071224.4,20071224.4,20071224.4,20071224.4,20071224.4,20071224.4,20071224.4,20071224.4,20071224.4,20071224.4,20071224.4,20071224.4,20042744.4,20042744.4,20042744.4,20042744.4,20041734.4,20041744.4,20041754.4,20041784.4,20041774.4,20041784.4,20041784.4,20041784.4,20041784.4,20042207.4,20041793.4,20039564.4,20039364.4,20039364.4,20039364.4,
LDC,20147344,20147344,20147344,20147344,20147344,20147344,20147344,20147344,20147344,20147344,20147344,20147344,20147344,20146944,20146544,20146544,20146544,20146544,20146544,20146544,20146544,20146544,20146544,20146544,20146544,20146544,20146544,20146544,20146544,20146544,20146544,20146544,20146544,20139621,20139621,20139621,20139621,20139621,20139621,20139971,20139971,20139971,20139971,20138168,20138108,20138218,20138268,20138058,20138048,20138718,20139003,20138863,20138798,20138798,20138798,20138798,
LIC,13381701,13381701,13381701,13381701,13381701,13381701,13381701,13381701,13381701,13381701,13381701,13381701,13381701,13381301,13380901,13380901,13380901,13380901,13380901,13380901,13380901,13380901,13380901,13380901,13380901,13380901,13380901,13380901,13380901,13380901,13380901,13380901,13380901,13380901,13380901,13380901,13380901,13380901,13380901,13381251,13381251,13381251,13381251,13381251,13381251,13381251,13381251,13381251,13381251,13381961,13382216,13382216,13382221,13382221,13382221,13382221,
LIE,160,160,160,160,160,160,160,160,160,160,160,160,160,160,160,160,160,160,160,160,160,160,160,160,160,160,160,160,160,160,160,160,160,160,160,160,160,160,160,160,160,160,160,160,160,160,160,160,160,160,160,160,160,160,160,160,
LKA,62710,62710,62710,62710,62710,62710,62710,62710,62710,62710,62710,62710,62710,62710,62710,62710,62710,62710,62710,62710,62710,62710,62710,62710,62710,62710,62710,62710,62710,62710,62710,62710,62710,62710,62710,62710,62710,62710,62710,62710,62710,62710,62710,62710,62710,62710,62710,62710,62710,62710,62710,62710,62710,62710,62710,62710,
LMC,23179240,23179240,23179240,23179240,23179240,23179240,23179240,23179240,23179240,23179240,23179240,23179240,23179170,23179130,23179110,23178980,23178980,23178980,23178980,23178980,23178980,23178980,23178980,23178980,23178980,23178980,23178980,23178980,23178980,23178980,23179680,23179680,23179760,23172827,23172817,23172817,23172807,23172797,23172787,23158337,23158367,23157817,23157137,23155324,23155314,23155464,23155494,23155274,23155804,23155714,23155744,23155614,23155564,23154350,23154350,23154350,
LMY,94734478,94734478,94734478,94734478,94734478,94734478,94734478,94734478,94734478,94734478,94734478,94734478,94734408,94733968,94733688,94733558,94733558,94733558,94733558,94733558,94733558,94733558,94733558,94733558,94733558,94733558,94733558,94733558,94732568,94732568,94733558,94733758,94730068,94718335,94715345,94714945,94715635,94689730,94696553,94675283,94674406.2,94671679.2,94671132.7,94669619.5,94669666.8,94666193.4,94665914.8,94664832.8,94662328,94663052,94663892,94663198,94660935,94659576,94659576,94659576,
LSO,30360,30360,30360,30360,30360,30360,30360,30360,30360,30360,30360,30360,30360,30360,30360,30360,30360,30360,30360,30360,30360,30360,30360,30360,30360,30360,30360,30360,30360,30360,30360,30360,30360,30360,30360,30360,30360,30360,30360,30360,30360,30360,30360,30360,30360,30360,30360,30360,30360,30360,30360,30360,30360,30360,30360,30360,
LTE,44560095,44560095,44560095,44560095,44560095,44560095,44560095,44560095,44560095,44560095,44560095,44560095,44560055,44560055,44560195,44560195,44560195,44560195,44560195,44560195,44560195,44560195,44560195,44560195,44560195,44560195,44560195,44560195,44559205,44559205,44559315,44559315,44555625,44550815,44547825,44547425,44548115,44550690,44557513,44535893,44535016.2,44535149.2,44534772.7,44535182.5,44535319.8,44531636.4,44531337.8,44530455.8,44530555,44530600,44530629,44530459,44530490,44530502,44530502,44530502,
LTU,62680,62680,62680,62680,62680,62680,62680,62680,62680,62680,62680,62680,62680,62680,62680,62680,62680,62680,62680,62680,62680,62680,62680,62680,62680,62680,62680,62680,62680,62680,62680,62680,62680,62680,62680,62680,62680,62680,62680,62680,62680,62680,62680,62680,62680,62680,62680,62675,62675,62675,62674,62674,62675,62650,62650,62650,
LUX,,,,,,,,,,,,,,,,,,,,,,,,,,,,,,,,,,,,,,,,2590,2590,2590,2590,2590,2590,2590,2590,2590,2590,2590,2590,2590,2590,2590,2590,2590,
LVA,62196,62196,62196,62196,62196,62196,62196,62196,62196,62196,62196,62196,62196,62196,62196,62196,62196,62196,62196,62196,62196,62196,62196,62196,62196,62196,62196,62196,62196,62196,62196,62196,62196,62196,62196,62196,62196,62196,62196,62196,62196,62196,62196,62196,62196,62196,62196,62196,62180,62240,62200,62180,62190,62180,62180,62180,
MAC,20,20,20,20,20,20,20,20,20,20,20,20,20,20,20,20,20,20,20,20,20,20,20,20,20,20,20,20,20,20,20,20,20,20,20,20,20,20,20,20,26,27,27,28,28,28.6,29.2,29.2,29.5,29.6999999999999,29.9,29.9,30.3,30.3,30.3,30.3,
MAF,54.4,54.4,54.4,54.4,54.4,54.4,54.4,54.4,54.4,54.4,54.4,54.4,54.4,54.4,54.4,54.4,54.4,54.4,54.4,54.4,54.4,54.4,54.4,54.4,54.4,54.4,54.4,54.4,54.4,54.4,54.4,54.4,54.4,54.4,54.4,54.4,54.4,54.4,54.4,54.4,54.4,54.4,54.4,54.4,54.4,54.4,54.4,54.4,54.4,54.4,54.4,54.4,54.4,54.4,54.4,54.4,
MAR,446340,446340,446340,446340,446340,446340,446340,446340,446340,446340,446340,446340,446300,446300,446300,446300,446300,446300,446300,446300,446300,446300,446300,446300,446300,446300,446300,446300,446300,446300,446300,446300,446300,446300,446300,446300,446300,446300,446300,446300,446300,446300,446300,446300,446300,446300,446300,446300,446300,446300,446300,446300,446300,446300,446300,446300,
MCO,2,2,2,2,2,2,2,2,2,2,2,2,2,2,2,2,2,2,2,2,2,2,2,2,2,2,2,2,2,2,2,2,2,2,2,2,2,2,2,2,2,2,2,2,2,2,2,2,2,2,2,2,2,2,2,2,
MDA,32870,32870,32870,32870,32870,32870,32870,32870,32870,32870,32870,32870,32870,32870,32870,32870,32870,32870,32870,32870,32870,32870,32870,32870,32870,32870,32870,32870,32870,32870,32870,32870,32950,32940,32930,32930,32920,32910,32900,32880,32880,32880,32870,32880,32890,32890,32890,32890,32890,32850,32850,32860,32880,32870,32870,32870,
MDG,581540,581540,581540,581540,581540,581540,581540,581540,581540,581540,581540,581540,581540,581540,581540,581540,581540,581540,581540,581540,581540,581540,581540,581540,581540,581540,581540,581540,581540,581540,581540,581540,581540,581540,581540,581540,581540,581540,581540,581540,581540,581540,581540,581540,581540,581540,581540,581540,581540,581540,581795,581795,581800,581800,581800,581800,
MDV,300,300,300,300,300,300,300,300,300,300,300,300,300,300,300,300,300,300,300,300,300,300,300,300,300,300,300,300,300,300,300,300,300,300,300,300,300,300,300,300,300,300,300,300,300,300,300,300,300,300,300,300,300,300,300,300,
MEA,11238850,11238850,11238850,11238850,11238850,11238850,11238850,11238850,11238850,11238850,11238850,11238850,11238810,11238810,11238810,11238810,11238810,11238810,11238810,11238810,11238810,11238810,11238810,11238810,11238810,11238810,11238810,11238810,11238810,11238810,11238810,11238830,11238830,11238830,11238830,11238830,11238830,11238830,11238830,11238830,11238830,11238830,11238650,11238640,11238650,11238710,11238730,11238740,11236230,11236222,11236227,11236230,11236230,11236232,11236232,11236232,
MEX,1943950,1943950,1943950,1943950,1943950,1943950,1943950,1943950,1943950,1943950,1943950,1943950,1943950,1943950,1943950,1943950,1943950,1943950,1943950,1943950,1943950,1943950,1943950,1943950,1943950,1943950,1943950,1943950,1943950,1943950,1943950,1943950,1943950,1943950,1943950,1943950,1943950,1943950,1943950,1943950,1943950,1943950,1943950,1943950,1943950,1943950,1943950,1943950,1943950,1943950,1943950,1943950,1943950,1943950,1943950,1943950,
MHL,,,,,,,,,,,,,,,,,,,,,,,,,,,,,,,180,180,180,180,180,180,180,180,180,180,180,180,180,180,180,180,180,180,180,180,180,180,180,180,180,180,
MIC,81408707,81408707,81408707,81408707,81408707,81408707,81408707,81408707,81408707,81408707,81408707,81408707,81408637,81408597,81408717,81408587,81408587,81408587,81408587,81408587,81408587,81408587,81408587,81408587,81408587,81408587,81408587,81408587,81407597,81407597,81408587,81408787,81405097,81393364,81390374,81390044,81390734,81364759,81371582,81349962,81349085.2,81346358.2,81345811.7,81344348.5,81344395.8,81340922.4,81340643.8,81339561.8,81337057,81337071,81337656,81336962,81334694,81333335,81333335,81333335,
MKD,25430,25430,25430,25430,25430,25430,25430,25430,25430,25430,25430,25430,25430,25430,25430,25430,25430,25430,25430,25430,25430,25430,25430,25430,25430,25430,25430,25430,25430,25430,25430,25430,25430,25430,25430,25430,25430,25430,25430,25430,25430,25430,25430,25430,25430,25430,25230,25230,25220,25220,25220,25220,25220,25220,25220,25220,
MLI,1220190,1220190,1220190,1220190,1220190,1220190,1220190,1220190,1220190,1220190,1220190,1220190,1220190,1220190,1220190,1220190,1220190,1220190,1220190,1220190,1220190,1220190,1220190,1220190,1220190,1220190,1220190,1220190,1220190,1220190,1220190,1220190,1220190,1220190,1220190,1220190,1220190,1220190,1220190,1220190,1220190,1220190,1220190,1220190,1220190,1220190,1220190,1220190,1220190,1220190,1220190,1220190,1220190,1220190,1220190,1220190,
MLT,320,320,320,320,320,320,320,320,320,320,320,320,320,320,320,320,320,320,320,320,320,320,320,320,320,320,320,320,320,320,320,320,320,320,320,320,320,320,320,320,320,320,320,320,320,320,320,320,320,320,320,320,320,320,320,320,
MMR,653540,653540,653540,653540,653540,653540,653540,653540,653540,653540,653540,653540,653540,653540,653540,653540,653540,653540,653540,653540,653540,653540,653540,653540,653540,653540,653540,653540,653540,653540,653540,653540,653540,653540,653540,653540,653540,653540,653540,653540,653540,653540,653540,653420,653360,653470,653520,653310,653300,653260,653290,653150,653080,653080,653080,653080,
MNA,8643980,8643980,8643980,8643980,8643980,8643980,8643980,8643980,8643980,8643980,8643980,8643980,8643940,8643940,8643940,8643940,8643940,8643940,8643940,8643940,8643940,8643940,8643940,8643940,8643940,8643940,8643940,8643940,8643940,8643940,8643940,8643940,8643940,8643940,8643940,8643940,8643940,8643940,8643940,8643940,8643940,8643940,8643750,8643730,8643730,8643790,8643800,8643800,8641290,8641280,8641280,8641280,8641280,8641281,8641281,8641281,
MNE,13450,13450,13450,13450,13450,13450,13450,13450,13450,13450,13450,13450,13450,13450,13450,13450,13450,13450,13450,13450,13450,13450,13450,13450,13450,13450,13450,13450,13450,13450,13450,13450,13450,13450,13450,13450,13450,13450,13450,13450,13450,13450,13450,13450,13450,13450,13450,13450,13450,13450,13450,13450,13450,13450,13450,13450,
MNG,1553560,1553560,1553560,1553560,1553560,1553560,1553560,1553560,1553560,1553560,1553560,1553560,1553560,1553560,1553560,1553560,1553560,1553560,1553560,1553560,1553560,1553560,1553560,1553560,1553560,1553560,1553560,1553560,1553560,1553560,1553560,1553560,1553560,1553560,1553560,1553560,1553560,1553560,1553560,1553560,1553560,1553560,1553560,1553560,1553560,1553560,1553560,1553560,1553560,1553560,1553560,1553560,1553560,1553560,1553560,1553560,
MNP,,,,,,,,,,,,,,,,,,,,,,,,,,,,,,,460,460,460,460,460,460,460,460,460,460,460,460,460,460,460,460,460,460,460,460,460,460,460,460,460,460,
MOZ,786380,786380,786380,786380,786380,786380,786380,786380,786380,786380,786380,786380,786380,786380,786380,786380,786380,786380,786380,786380,786380,786380,786380,786380,786380,786380,786380,786380,786380,786380,786380,786380,786380,786380,786380,786380,786380,786380,786380,786380,786380,786380,786380,786380,786380,786380,786380,786380,786380,786380,786380,786380,786380,786380,786380,786380,
MRT,1030700,1030700,1030700,1030700,1030700,1030700,1030700,1030700,1030700,1030700,1030700,1030700,1030700,1030700,1030700,1030700,1030700,1030700,1030700,1030700,1030700,1030700,1030700,1030700,1030700,1030700,1030700,1030700,1030700,1030700,1030700,1030700,1030700,1030700,1030700,1030700,1030700,1030700,1030700,1030700,1030700,1030700,1030700,1030700,1030700,1030700,1030700,1030700,1030700,1030700,1030700,1030700,1030700,1030700,1030700,1030700,
MUS,2030,2030,2030,2030,2030,2030,2030,2030,2030,2030,2030,2030,2030,2030,2030,2030,2030,2030,2030,2030,2030,2030,2030,2030,2030,2030,2030,2030,2030,2030,2030,2030,2030,2030,2030,2030,2030,2030,2030,2030,2030,2030,2030,2030,2030,2030,2030,2030,2030,2030,2030,2030,2030,2030,2030,2030,
MWI,94280,94280,94280,94280,94280,94280,94280,94280,94280,94280,94280,94280,94280,94280,94280,94280,94280,94280,94280,94280,94280,94280,94280,94280,94280,94280,94280,94280,94280,94280,94280,94280,94280,94280,94280,94280,94280,94280,94280,94280,94280,94280,94280,94280,94280,94280,94280,94280,94280,94280,94280,94280,94280,94280,94280,94280,
MYS,328550,328550,328550,328550,328550,328550,328550,328550,328550,328550,328550,328550,328550,328550,328550,328550,328550,328550,328550,328550,328550,328550,328550,328550,328550,328550,328550,328550,328550,328550,328550,328550,328550,328550,328550,328550,328550,328550,328550,328550,328550,328550,328550,328550,328550,328550,328550,328550,328550,328550,328550,328550,328550,328550,328550,328550,
NAC,18252520,18252520,18252520,18252520,18252520,18252520,18252520,18252520,18252520,18252520,18252520,18252520,18252520,18252520,18252520,18252520,18252520,18252520,18252520,18252520,18252520,18252520,18252520,18252520,18252520,18252520,18252520,18252520,18252520,18252520,18252520,18252520,18252520,18252520,18252520,18252520,18252520,18252520,18252520,18255480,18255480,18255480,18255480,18255480,18255480,18255480,18255480,18240980,18240980,18240980,18240980,18240980,18240980,18240980,18240980,18240980,
NAM,823290,823290,823290,823290,823290,823290,823290,823290,823290,823290,823290,823290,823290,823290,823290,823290,823290,823290,823290,823290,823290,823290,823290,823290,823290,823290,823290,823290,823290,823290,823290,823290,823290,823290,823290,823290,823290,823290,823290,823290,823290,823290,823290,823290,823290,823290,823290,823290,823290,823290,823290,823290,823290,823290,823290,823290,
NCL,18280,18280,18280,18280,18280,18280,18280,18280,18280,18280,18280,18280,18280,18280,18280,18280,18280,18280,18280,18280,18280,18280,18280,18280,18280,18280,18280,18280,18280,18280,18280,18280,18280,18280,18280,18280,18280,18280,18280,18280,18280,18280,18280,18280,18280,18280,18280,18280,18280,18280,18280,18280,18280,18280,18280,18280,
NER,1266700,1266700,1266700,1266700,1266700,1266700,1266700,1266700,1266700,1266700,1266700,1266700,1266700,1266700,1266700,1266700,1266700,1266700,1266700,1266700,1266700,1266700,1266700,1266700,1266700,1266700,1266700,1266700,1266700,1266700,1266700,1266700,1266700,1266700,1266700,1266700,1266700,1266700,1266700,1266700,1266700,1266700,1266700,1266700,1266700,1266700,1266700,1266700,1266700,1266700,1266700,1266700,1266700,1266700,1266700,1266700,
NGA,910770,910770,910770,910770,910770,910770,910770,910770,910770,910770,910770,910770,910770,910770,910770,910770,910770,910770,910770,910770,910770,910770,910770,910770,910770,910770,910770,910770,910770,910770,910770,910770,910770,910770,910770,910770,910770,910770,910770,910770,910770,910770,910770,910770,910770,910770,910770,910770,910770,910770,910770,910770,910770,910770,910770,910770,
NIC,120340,120340,120340,120340,120340,120340,120340,120340,120340,120340,120340,120340,120340,120340,120340,120340,120340,120340,120340,120340,120340,120340,120340,120340,120340,120340,120340,120340,120340,120340,120340,120340,120340,120340,120340,120340,120340,120340,120340,120340,120340,120340,120340,120340,120340,120340,120340,120340,120340,120340,120340,120340,120340,120340,120340,120340,
NLD,33760,33760,33760,33760,33760,33760,33760,33760,33760,33760,33760,33760,33760,33760,33760,33760,33760,33760,33760,33760,33760,33760,33760,33760,33760,33760,33760,33760,33760,33760,33760,33760,33760,33760,33760,33760,33760,33760,33760,33760,33760,33760,33760,33760,33760,33760,33760,33760,33730,33730,33720,33720,33690,33690,33690,33690,
NOR,365245,365245,365245,365245,365245,365245,365245,365245,365245,365245,365245,365245,365245,365245,365245,365245,365245,365245,365245,365245,365245,365245,365245,365245,365245,365245,365245,365245,365245,365245,365245,365245,365245,365245,365245,365245,365245,365245,365245,365245,365245,365245,365245,365245,365245,365245,365245,365245,365245,365245,365245,365245,365245,365245,365245,365245,
NPL,143000,143000,143000,143000,143000,143000,143000,143000,143000,143000,143000,143000,143000,143000,143000,143000,143000,143000,143000,143000,143000,143000,143000,143000,143000,143000,143000,143000,143000,143000,143000,143000,143000,143000,143000,143000,143000,143000,143000,143350,143350,143350,143350,143350,143350,143350,143350,143350,143350,143350,143350,143350,143350,143350,143350,143350,
NRU,20,20,20,20,20,20,20,20,20,20,20,20,20,20,20,20,20,20,20,20,20,20,20,20,20,20,20,20,20,20,20,20,20,20,20,20,20,20,20,20,20,20,20,20,20,20,20,20,20,20,20,20,20,20,20,20,
NZL,263310,263310,263310,263310,263310,263310,263310,263310,263310,263310,263310,263310,263310,263310,263310,263310,263310,263310,263310,263310,263310,263310,263310,263310,263310,263310,263310,263310,263310,263310,263310,263310,263310,263310,263310,263310,263310,263310,263310,263310,263310,263310,263310,263310,263310,263310,263310,263310,263310,263310,263310,263310,263310,263310,263310,263310,
OED,34386887,34386867,34386877,34386877,34386867,34386857,34386847,34386837,34386837,34386827,34386817,34386717,34386717,34386687,34386467,34386387,34386267,34386267,34386237,34386057,34386137,34385927,34385887,34384398,34384298,34384398,34384308,34384298,34384298,34384298,34384298,34384338,34384318,34384308,34384298,34384187,34384086,34384055,34384014,34419194,34418943,34419472,34419891,34419610,34419488,34418867,34418964,34404014,34404888,34406422,34406164,34403352,34403791,34403746,34403746,34403746,
OMN,309500,309500,309500,309500,309500,309500,309500,309500,309500,309500,309500,309500,309500,309500,309500,309500,309500,309500,309500,309500,309500,309500,309500,309500,309500,309500,309500,309500,309500,309500,309500,309500,309500,309500,309500,309500,309500,309500,309500,309500,309500,309500,309500,309500,309500,309500,309500,309500,309500,309500,309500,309500,309500,309500,309500,309500,
OSS,2039234,2039234,2039234,2039234,2039234,2039234,2039234,2039234,2039234,2039234,2039234,2039234,2039234,2039234,2039234,2039234,2039234,2039234,2039234,2039234,2039234,2039234,2039234,2039234,2039234,2039234,2039234,2039234,2039234,2039234,2039234,2039254,2039254,2032331,2032331,2032331,2032331,2032331,2032331,2032331,2032331,2032331,2032341,2030668,2030678,2030678,2030688,2030698,2030698,2030700,2030705,2030708,2030708,2030709,2030709,2030709,
PAK,770880,770880,770880,770880,770880,770880,770880,770880,770880,770880,770880,770880,770880,770880,770880,770880,770880,770880,770880,770880,770880,770880,770880,770880,770880,770880,770880,770880,770880,770880,770880,770880,770880,770880,770880,770880,770880,770880,770880,770880,770880,770880,770880,770880,770880,770880,770880,770880,770880,770880,770880,770880,770880,770880,770880,770880,
PAN,74340,74340,74340,74340,74340,74340,74340,74340,74340,74340,74340,74340,74340,74340,74340,74340,74340,74340,74340,74340,74340,74340,74340,74340,74340,74340,74340,74340,74340,74340,74340,74340,74340,74340,74340,74340,74340,74340,74340,74340,74340,74340,74340,74340,74340,74340,74340,74340,74340,74340,74340,74340,74340,74340,74340,74340,
PER,1280000,1280000,1280000,1280000,1280000,1280000,1280000,1280000,1280000,1280000,1280000,1280000,1280000,1280000,1280000,1280000,1280000,1280000,1280000,1280000,1280000,1280000,1280000,1280000,1280000,1280000,1280000,1280000,1280000,1280000,1280000,1280000,1280000,1280000,1280000,1280000,1280000,1280000,1280000,1280000,1280000,1280000,1280000,1280000,1280000,1280000,1280000,1280000,1280000,1280000,1280000,1280000,1280000,1280000,1280000,1280000,
PHL,298260,298260,298260,298260,298260,298260,298260,298260,298260,298260,298260,298260,298230,298190,298170,298170,298170,298170,298170,298170,298170,298170,298170,298170,298170,298170,298170,298170,298170,298170,298170,298170,298170,298170,298170,298170,298170,298170,298170,298170,298170,298170,298170,298170,298170,298170,298170,298170,298170,298170,298170,298170,298170,298170,298170,298170,
PLW,,,,,,,,,,,,,,,,,,,,,,,,,,,,,,,460,460,460,460,460,460,460,460,460,460,460,460,460,460,460,460,460,460,460,460,460,460,460,460,460,460,
PNG,452860,452860,452860,452860,452860,452860,452860,452860,452860,452860,452860,452860,452860,452860,452860,452860,452860,452860,452860,452860,452860,452860,452860,452860,452860,452860,452860,452860,452860,452860,452860,452860,452860,452860,452860,452860,452860,452860,452860,452860,452860,452860,452860,452860,452860,452860,452860,452860,452860,452860,452860,452860,452860,452860,452860,452860,
POL,306290,306290,306290,306290,306290,306290,306290,306290,306290,306290,306290,306290,306290,306290,306290,306290,306290,306290,306290,306290,306290,306290,306290,306290,306290,306290,306290,306290,306290,306290,306290,306290,306290,306290,306290,306290,306290,306290,306290,306290,306290,306290,306240,306330,306330,306320,306320,306300,306280,306280,306230,306220,306210,306190,306190,306190,
PRE,20067411,20067411,20067411,20067411,20067411,20067411,20067411,20067411,20067411,20067411,20067411,20067411,20067411,20067011,20066611,20066611,20066611,20066611,20066611,20066611,20066611,20066611,20066611,20066611,20066611,20066611,20066611,20066611,20066611,20066611,20066611,20066611,20167611,20167611,20167611,20167611,20167611,20167611,20167611,20167611,20167611,20167611,20167611,20167611,20167611,20167611,20167611,20167611,20164561,20165271,20165526,20165526,20165531,20165531,20165531,20165531,
PRI,8870,8870,8870,8870,8870,8870,8870,8870,8870,8870,8870,8870,8870,8870,8870,8870,8870,8870,8870,8870,8870,8870,8870,8870,8870,8870,8870,8870,8870,8870,8870,8870,8870,8870,8870,8870,8870,8870,8870,8870,8870,8870,8870,8870,8870,8870,8870,8870,8870,8870,8870,8870,8870,8870,8870,8870,
PRK,120410,120410,120410,120410,120410,120410,120410,120410,120410,120410,120410,120410,120410,120410,120410,120410,120410,120410,120410,120410,120410,120410,120410,120410,120410,120410,120410,120410,120410,120410,120410,120410,120410,120410,120410,120410,120410,120410,120410,120410,120410,120410,120410,120410,120410,120410,120410,120410,120410,120410,120410,120410,120410,120410,120410,120410,
PRT,91500,91500,91500,91500,91500,91500,91500,91500,91500,91500,91500,91500,91500,91500,91500,91500,91500,91500,91500,91500,91500,91500,91500,91500,91500,91500,91500,91500,91500,91500,91500,91500,91500,91500,91500,91500,91500,91500,91500,91500,91500,91500,91500,91500,91470,91470,91470,91470,91590,91590,91590,91590,91600,91605,91605,91605,
PRY,397300,397300,397300,397300,397300,397300,397300,397300,397300,397300,397300,397300,397300,397300,397300,397300,397300,397300,397300,397300,397300,397300,397300,397300,397300,397300,397300,397300,397300,397300,397300,397300,397300,397300,397300,397300,397300,397300,397300,397300,397300,397300,397300,397300,397300,397300,397300,397300,397300,397300,397300,397300,397300,397300,397300,397300,
PSE,6020,6020,6020,6020,6020,6020,6020,6020,6020,6020,6020,6020,6020,6020,6020,6020,6020,6020,6020,6020,6020,6020,6020,6020,6020,6020,6020,6020,6020,6020,6020,6020,6020,6020,6020,6020,6020,6020,6020,6020,6020,6020,6020,6020,6020,6020,6020,6020,6020,6020,6020,6020,6020,6020,6020,6020,
PSS,62860,62860,62860,62860,62860,62860,62860,62860,62860,62860,62860,62860,62860,62860,62860,62860,62860,62860,62860,62860,62860,62860,62860,62860,62860,62860,62860,62860,62860,62860,64200,64200,64200,64200,64200,64200,64200,64200,64200,64200,64200,64200,64200,64200,64200,64200,64200,64200,64200,64200,64200,64200,64200,64200,64200,64200,
PST,31452729,31452709,31452719,31452719,31452709,31452699,31452689,31452679,31452679,31452669,31452659,31452559,31452559,31452529,31452299,31452219,31452089,31452089,31452059,31451879,31451959,31451739,31451699,31450210,31450110,31450210,31450120,31450110,31450110,31450110,31450110,31450350,31450330,31450320,31450370,31450329,31450228,31450127,31450086,31485266,31485021,31482696,31483147,31482819,31482667,31482091.6,31482150.2,31467210.2,31468000.5,31469555.7,31469824.9,31466630.9,31464843.3,31464577.3,31464577.3,31464577.3,
PYF,3660,3660,3660,3660,3660,3660,3660,3660,3660,3660,3660,3660,3660,3660,3660,3660,3660,3660,3660,3660,3660,3660,3660,3660,3660,3660,3660,3660,3660,3660,3660,3660,3660,3660,3660,3660,3660,3660,3660,3660,3660,3660,3660,3660,3660,3660,3660,3660,3660,3660,3660,3660,3660,3660,3660,3660,
QAT,11610,11610,11610,11610,11610,11610,11610,11610,11610,11610,11610,11610,11610,11610,11610,11610,11610,11610,11610,11610,11610,11610,11610,11610,11610,11610,11610,11610,11610,11610,11610,11610,11610,11610,11610,11610,11610,11610,11610,11610,11610,11610,11610,11610,11610,11610,11610,11610,11610,11610,11610,11610,11610,11610,11610,11610,
ROU,230340,230340,230340,230340,230340,230340,230340,230340,230340,230340,230340,230340,230340,230340,230340,230340,230340,230340,230340,230340,230340,230340,230340,230340,230340,230340,230340,230340,229350,229350,229460,229460,229460,229510,229490,229520,229530,229590,229600,229710,229710,229870,229950,230000,229980,229980,229890,229900,230060,230050,230170,230020,230030,230080,230080,230080,
RUS,16389950,16389950,16389950,16389950,16389950,16389950,16389950,16389950,16389950,16389950,16389950,16389950,16389950,16389950,16389950,16389950,16389950,16389950,16389950,16389950,16389950,16389950,16389950,16389950,16389950,16389950,16389950,16389950,16389950,16389950,16389950,16389950,16386180,16381330,16378380,16377960,16378650,16381300,16388510,16381340,16380440,16380940,16380980,16381230,16381390,16377740,16377740,16376870,16376870,16376870,16376870,16376870,16376870,16376870,16376870,16376870,
RWA,24670,24670,24670,24670,24670,24670,24670,24670,24670,24670,24670,24670,24670,24670,24670,24670,24670,24670,24670,24670,24670,24670,24670,24670,24670,24670,24670,24670,24670,24670,24670,24670,24670,24670,24670,24670,24670,24670,24670,24670,24670,24670,24670,24670,24670,24670,24670,24670,24670,24670,24670,24670,24670,24670,24670,24670,
SAS,4779833,4779833,4779833,4779833,4779833,4779833,4779833,4779833,4779833,4779833,4779833,4779833,4779833,4779833,4779833,4779833,4779833,4779833,4779833,4779833,4779833,4779833,4779833,4779833,4779833,4779833,4779833,4779833,4779833,4779833,4779833,4779833,4779833,4772910,4772910,4772910,4772910,4772910,4772910,4773260,4773260,4773260,4773260,4771577,4771577,4771577,4771577,4771577,4771577,4771577,4771577,4771577,4771577,4771577,4771577,4771577,
SAU,2149690,2149690,2149690,2149690,2149690,2149690,2149690,2149690,2149690,2149690,2149690,2149690,2149690,2149690,2149690,2149690,2149690,2149690,2149690,2149690,2149690,2149690,2149690,2149690,2149690,2149690,2149690,2149690,2149690,2149690,2149690,2149690,2149690,2149690,2149690,2149690,2149690,2149690,2149690,2149690,2149690,2149690,2149690,2149690,2149690,2149690,2149690,2149690,2149690,2149690,2149690,2149690,2149690,2149690,2149690,2149690,
SDN,2376000,2376000,2376000,2376000,2376000,2376000,2376000,2376000,2376000,2376000,2376000,2376000,2376000,2376000,2376000,2376000,2376000,2376000,2376000,2376000,2376000,2376000,2376000,2376000,2376000,2376000,2376000,2376000,2376000,2376000,2376000,2376000,2376000,2376000,2376000,2376000,2376000,2376000,2376000,2376000,2376000,2376000,2376000,2376000,2376000,2376000,2376000,2376000,2376000,2376000,2376000,2376000,2376000,2376000,2376000,2376000,
SEN,192530,192530,192530,192530,192530,192530,192530,192530,192530,192530,192530,192530,192530,192530,192530,192530,192530,192530,192530,192530,192530,192530,192530,192530,192530,192530,192530,192530,192530,192530,192530,192530,192530,192530,192530,192530,192530,192530,192530,192530,192530,192530,192530,192530,192530,192530,192530,192530,192530,192530,192530,192530,192530,192530,192530,192530,
SGP,670,670,670,670,670,670,670,670,670,670,670,670,670,670,670,670,670,670,670,670,670,670,670,670,670,670,670,670,670,670,670,670,670,670,670,670,670,670,670,670,670,675,687,689,689,694,695,700,700,702,704,706,707,709,709,709,
SLB,27990,27990,27990,27990,27990,27990,27990,27990,27990,27990,27990,27990,27990,27990,27990,27990,27990,27990,27990,27990,27990,27990,27990,27990,27990,27990,27990,27990,27990,27990,27990,27990,27990,27990,27990,27990,27990,27990,27990,27990,27990,27990,27990,27990,27990,27990,27990,27990,27990,27990,27990,27990,27990,27990,27990,27990,
SLE,72180,72180,72180,72180,72180,72180,72180,72180,72180,72180,72180,72180,72180,72180,72180,72180,72180,72180,72180,72180,72180,72180,72180,72180,72180,72180,72180,72180,72180,72180,72180,72180,72180,72180,72180,72180,72180,72180,72180,72180,72180,72180,72180,72180,72180,72180,72180,72180,72180,72180,72180,72180,72180,72180,72180,72180,
SLV,20850,20850,20850,20850,20850,20850,20850,20850,20850,20850,20850,20850,20850,20850,20850,20720,20720,20720,20720,20720,20720,20720,20720,20720,20720,20720,20720,20720,20720,20720,20720,20720,20720,20720,20720,20720,20720,20720,20720,20720,20720,20720,20720,20720,20720,20720,20720,20720,20720,20720,20720,20720,20720,20720,20720,20720,
SMR,60,60,60,60,60,60,60,60,60,60,60,60,60,60,60,60,60,60,60,60,60,60,60,60,60,60,60,60,60,60,60,60,60,60,60,60,60,60,60,60,60,60,60,60,60,60,60,60,60,60,60,60,60,60,60,60,
SOM,627340,627340,627340,627340,627340,627340,627340,627340,627340,627340,627340,627340,627340,627340,627340,627340,627340,627340,627340,627340,627340,627340,627340,627340,627340,627340,627340,627340,627340,627340,627340,627340,627340,627340,627340,627340,627340,627340,627340,627340,627340,627340,627340,627340,627340,627340,627340,627340,627340,627340,627340,627340,627340,627340,627340,627340,
SRB,87460,87460,87460,87460,87460,87460,87460,87460,87460,87460,87460,87460,87460,87460,87460,87460,87460,87460,87460,87460,87460,87460,87460,87460,87460,87460,87460,87460,87460,87460,87460,87460,87460,87460,87460,87460,87460,87460,87460,87460,87460,87460,87460,87460,87460,87460,87460,87460,87460,87460,87460,87460,87460,87460,87460,87460,
SSA,23617731,23617731,23617731,23617731,23617731,23617731,23617731,23617731,23617731,23617731,23617731,23617731,23617731,23617331,23616931,23616931,23616931,23616931,23616931,23616931,23616931,23616931,23616931,23616931,23616931,23616931,23616931,23616931,23616931,23616931,23616931,23616931,23616931,23616931,23616931,23616931,23616931,23616931,23616931,23616931,23616931,23616931,23616931,23616931,23616931,23616931,23616931,23616931,23616931,23617641,23617896,23617896,23617901,23617901,23617901,23617901,
SSD,,,,,,,,,,,,,,,,,,,,,,,,,,,,,,,,,,,,,,,,,,,,,,,,,,,,,,,,,
SSF,23618191,23618191,23618191,23618191,23618191,23618191,23618191,23618191,23618191,23618191,23618191,23618191,23618191,23617791,23617391,23617391,23617391,23617391,23617391,23617391,23617391,23617391,23617391,23617391,23617391,23617391,23617391,23617391,23617391,23617391,23617391,23617391,23617391,23617391,23617391,23617391,23617391,23617391,23617391,23617391,23617391,23617391,23617391,23617391,23617391,23617391,23617391,23617391,23617391,23618101,23618356,23618356,23618361,23618361,23618361,23618361,
SST,2506894,2506894,2506894,2506894,2506894,2506894,2506894,2506894,2506894,2506894,2506894,2506894,2506894,2506894,2507034,2507034,2507034,2507034,2507034,2506944,2506944,2506944,2506944,2506944,2506944,2506944,2506944,2506944,2506944,2506944,2508284,2508304,2508304,2501381,2501381,2501381,2501381,2501381,2501381,2501381,2501381,2501381,2501391,2499718,2499728,2499728,2499738,2499748,2499748,2499750,2499755,2499758,2499758,2499759,2499759,2499759,
STP,960,960,960,960,960,960,960,960,960,960,960,960,960,960,960,960,960,960,960,960,960,960,960,960,960,960,960,960,960,960,960,960,960,960,960,960,960,960,960,960,960,960,960,960,960,960,960,960,960,960,960,960,960,960,960,960,
SUR,156000,156000,156000,156000,156000,156000,156000,156000,156000,156000,156000,156000,156000,156000,156000,156000,156000,156000,156000,156000,156000,156000,156000,156000,156000,156000,156000,156000,156000,156000,156000,156000,156000,156000,156000,156000,156000,156000,156000,156000,156000,156000,156000,156000,156000,156000,156000,156000,156000,156000,156000,156000,156000,156000,156000,156000,
SVK,48100,48100,48100,48100,48100,48100,48100,48100,48100,48100,48100,48100,48100,48100,48100,48100,48100,48100,48100,48100,48100,48100,48100,48100,48100,48100,48100,48100,48100,48100,48100,48100,48100,48100,48100,48100,48100,48100,48100,48100,48100,48100,48110,48100,48100,48100,48100,48100,48090,48091,48088,48088,48088,48086,48086,48086,
SVN,20140,20140,20140,20140,20140,20140,20140,20140,20140,20140,20140,20140,20140,20140,20140,20140,20140,20140,20140,20140,20140,20140,20140,20140,20140,20140,20140,20140,20140,20140,20140,20140,20140,20140,20140,20140,20140,20140,20140,20140,20140,20140,20140,20140,20140,20140,20140,20140,20140,20140,20140,20140,20140,20140,20140,20140,
SWE,410340,410340,410340,410340,410340,410340,410340,410340,410340,410340,410340,410340,410340,410340,410340,410340,410340,410340,410340,410340,410340,410340,410340,410340,410340,410340,410340,410340,410340,410340,410340,410340,410340,410340,410340,410340,410340,410340,410340,410340,410340,410340,410340,410340,410340,410340,410340,410340,410340,410340,410340,407340,407340,407310,407310,407310,
SWZ,17200,17200,17200,17200,17200,17200,17200,17200,17200,17200,17200,17200,17200,17200,17200,17200,17200,17200,17200,17200,17200,17200,17200,17200,17200,17200,17200,17200,17200,17200,17200,17200,17200,17200,17200,17200,17200,17200,17200,17200,17200,17200,17200,17200,17200,17200,17200,17200,17200,17200,17200,17200,17200,17200,17200,17200,
SXM,34,34,34,34,34,34,34,34,34,34,34,34,34,34,34,34,34,34,34,34,34,34,34,34,34,34,34,34,34,34,34,34,34,34,34,34,34,34,34,34,34,34,34,34,34,34,34,34,34,34,34,34,34,34,34,34,
SYC,460,460,460,460,460,460,460,460,460,460,460,460,460,460,460,460,460,460,460,460,460,460,460,460,460,460,460,460,460,460,460,460,460,460,460,460,460,460,460,460,460,460,460,460,460,460,460,460,460,460,460,460,460,460,460,460,
SYR,183780,183780,183780,183780,183780,183780,183780,183780,183780,183780,183780,183780,183780,183780,183780,183780,183780,183780,183780,183780,183780,183780,183780,183780,183780,183780,183780,183780,183780,183780,183780,183780,183780,183780,183780,183780,183780,183780,183780,183780,183780,183780,183590,183570,183570,183630,183640,183640,183640,183630,183630,183630,183630,183630,183630,183630,
TCA,950,950,950,950,950,950,950,950,950,950,950,950,950,950,950,950,950,950,950,950,950,950,950,950,950,950,950,950,950,950,950,950,950,950,950,950,950,950,950,950,950,950,950,950,950,950,950,950,950,950,950,950,950,950,950,950,
TCD,1260000,1260000,1260000,1260000,1260000,1260000,1260000,1260000,1260000,1260000,1260000,1260000,1260000,1259600,1259200,1259200,1259200,1259200,1259200,1259200,1259200,1259200,1259200,1259200,1259200,1259200,1259200,1259200,1259200,1259200,1259200,1259200,1259200,1259200,1259200,1259200,1259200,1259200,1259200,1259200,1259200,1259200,1259200,1259200,1259200,1259200,1259200,1259200,1259200,1259200,1259200,1259200,1259200,1259200,1259200,1259200,
TEA,15808020,15808020,15808020,15808020,15808020,15808020,15808020,15808020,15808020,15808020,15808020,15808020,15807990,15807950,15807930,15807930,15807930,15807930,15807930,15807930,15807930,15807930,15807930,15807930,15807930,15807930,15807930,15807930,15807930,15807930,15809270,15809270,15809270,15809270,15809260,15809250,15809250,15809250,15809250,15794810,15794834.2,15794293.2,15793812.7,15793692.5,15793631.8,15793741.4,15793790.8,15793580.8,15793571,15793531,15793561,15793421,15793351,15793351,15793351,15793351,
TEC,23001404,23001404,23001404,23001404,23001404,23001404,23001404,23001404,23001404,23001404,23001404,23001404,23001404,23001404,23001404,23001404,23001404,23001404,23001404,23001404,23001404,23001404,23001404,23001404,23001404,23001404,23001404,23001404,23000414,23000414,23000524,23000724,22997034,22992224,22989244,22988924,22989614,22992119,22998942,22991762,22990861,22989685,22989749,22990189,22990267,22986624,22986276,22985384,22985379,22985443,22985525,22985375,22985396,22984216,22984216,22984216,
TGO,54390,54390,54390,54390,54390,54390,54390,54390,54390,54390,54390,54390,54390,54390,54390,54390,54390,54390,54390,54390,54390,54390,54390,54390,54390,54390,54390,54390,54390,54390,54390,54390,54390,54390,54390,54390,54390,54390,54390,54390,54390,54390,54390,54390,54390,54390,54390,54390,54390,54390,54390,54390,54390,54390,54390,54390,
THA,510890,510890,510890,510890,510890,510890,510890,510890,510890,510890,510890,510890,510890,510890,510890,510890,510890,510890,510890,510890,510890,510890,510890,510890,510890,510890,510890,510890,510890,510890,510890,510890,510890,510890,510890,510890,510890,510890,510890,510890,510890,510890,510890,510890,510890,510890,510890,510890,510890,510890,510890,510890,510890,510890,510890,510890,
TJK,139960,139960,139960,139960,139960,139960,139960,139960,139960,139960,139960,139960,139960,139960,139960,139960,139960,139960,139960,139960,139960,139960,139960,139960,139960,139960,139960,139960,139960,139960,139960,139960,139960,139960,139960,139960,139960,139960,139960,139960,139960,139960,139960,139960,139960,139960,139960,139960,139960,139960,139960,139960,139960,138786,138786,138786,
TKM,469930,469930,469930,469930,469930,469930,469930,469930,469930,469930,469930,469930,469930,469930,469930,469930,469930,469930,469930,469930,469930,469930,469930,469930,469930,469930,469930,469930,469930,469930,469930,469930,469930,469930,469930,469930,469930,469930,469930,469930,469930,469930,469930,469930,469930,469930,469930,469930,469930,469930,469930,469930,469930,469930,469930,469930,
TLA,19942192,19942192,19942192,19942192,19942192,19942192,19942192,19942192,19942192,19942192,19942192,19942192,19942192,19942192,19942332,19942202,19942202,19942202,19942202,19942112,19942112,19942112,19942112,19942112,19942112,19942112,19942112,19942112,19942112,19942112,19942112,19942112,19942112,19942112,19942112,19942112,19942112,19913632,19913632,19913632,19913632,19913632,19913632,19913632,19913632,19913632,19913632,19913632,19913632,19913632,19913632,19913632,19913632,19913632,19913632,19913632,
TLS,14870,14870,14870,14870,14870,14870,14870,14870,14870,14870,14870,14870,14870,14870,14870,14870,14870,14870,14870,14870,14870,14870,14870,14870,14870,14870,14870,14870,14870,14870,14870,14870,14870,14870,14870,14870,14870,14870,14870,14870,14870,14870,14870,14870,14870,14870,14870,14870,14870,14870,14870,14870,14870,14870,14870,14870,
TMN,8637960,8637960,8637960,8637960,8637960,8637960,8637960,8637960,8637960,8637960,8637960,8637960,8637920,8637920,8637920,8637920,8637920,8637920,8637920,8637920,8637920,8637920,8637920,8637920,8637920,8637920,8637920,8637920,8637920,8637920,8637920,8637920,8637920,8637920,8637920,8637920,8637920,8637920,8637920,8637920,8637920,8637920,8637730,8637710,8637710,8637770,8637780,8637780,8635270,8635260,8635260,8635260,8635260,8635261,8635261,8635261,
TON,720,720,720,720,720,720,720,720,720,720,720,720,720,720,720,720,720,720,720,720,720,720,720,720,720,720,720,720,720,720,720,720,720,720,720,720,720,720,720,720,720,720,720,720,720,720,720,720,720,720,720,720,720,720,720,720,
TSA,4779833,4779833,4779833,4779833,4779833,4779833,4779833,4779833,4779833,4779833,4779833,4779833,4779833,4779833,4779833,4779833,4779833,4779833,4779833,4779833,4779833,4779833,4779833,4779833,4779833,4779833,4779833,4779833,4779833,4779833,4779833,4779833,4779833,4772910,4772910,4772910,4772910,4772910,4772910,4773260,4773260,4773260,4773260,4771577,4771577,4771577,4771577,4771577,4771577,4771577,4771577,4771577,4771577,4771577,4771577,4771577,
TSS,23618191,23618191,23618191,23618191,23618191,23618191,23618191,23618191,23618191,23618191,23618191,23618191,23618191,23617791,23617391,23617391,23617391,23617391,23617391,23617391,23617391,23617391,23617391,23617391,23617391,23617391,23617391,23617391,23617391,23617391,23617391,23617391,23617391,23617391,23617391,23617391,23617391,23617391,23617391,23617391,23617391,23617391,23617391,23617391,23617391,23617391,23617391,23617391,23617391,23618101,23618356,23618356,23618361,23618361,23618361,23618361,
TTO,5130,5130,5130,5130,5130,5130,5130,5130,5130,5130,5130,5130,5130,5130,5130,5130,5130,5130,5130,5130,5130,5130,5130,5130,5130,5130,5130,5130,5130,5130,5130,5130,5130,5130,5130,5130,5130,5130,5130,5130,5130,5130,5130,5130,5130,5130,5130,5130,5130,5130,5130,5130,5130,5130,5130,5130,
TUN,155360,155360,155360,155360,155360,155360,155360,155360,155360,155360,155360,155360,155360,155360,155360,155360,155360,155360,155360,155360,155360,155360,155360,155360,155360,155360,155360,155360,155360,155360,155360,155360,155360,155360,155360,155360,155360,155360,155360,155360,155360,155360,155360,155360,155360,155360,155360,155360,155360,155360,155360,155360,155360,155360,155360,155360,
TUR,769630,769630,769630,769630,769630,769630,769630,769630,769630,769630,769630,769630,769630,769630,769630,769630,769630,769630,769630,769630,769630,769630,769630,769630,769630,769630,769630,769630,769630,769630,769630,769630,769630,769630,769630,769630,769630,769630,769630,769630,769630,769630,769630,769630,769630,769630,769630,769630,769630,769630,769630,769630,769630,769630,769630,769630,
TUV,30,30,30,30,30,30,30,30,30,30,30,30,30,30,30,30,30,30,30,30,30,30,30,30,30,30,30,30,30,30,30,30,30,30,30,30,30,30,30,30,30,30,30,30,30,30,30,30,30,30,30,30,30,30,30,30,
TZA,885800,885800,885800,885800,885800,885800,885800,885800,885800,885800,885800,885800,885800,885800,885800,885800,885800,885800,885800,885800,885800,885800,885800,885800,885800,885800,885800,885800,885800,885800,885800,885800,885800,885800,885800,885800,885800,885800,885800,885800,885800,885800,885800,885800,885800,885800,885800,885800,885800,885800,885800,885800,885800,885800,885800,885800,
UGA,199810,199810,199810,199810,199810,199810,199810,199810,199810,199810,199810,199810,199810,199810,199810,199810,199810,199810,199810,199810,199810,199810,199810,199810,199810,199810,199810,199810,199810,199810,199810,199810,199810,199810,199810,199810,199810,199810,199810,199810,199810,199810,199810,199810,199810,199810,199810,199810,199810,200520,200520,200520,200520,200520,200520,200520,
UKR,579350,579350,579350,579350,579350,579350,579350,579350,579350,579350,579350,579350,579350,579350,579350,579350,579350,579350,579350,579350,579350,579350,579350,579350,579350,579350,579350,579350,579350,579350,579350,579350,579350,579350,579350,579350,579350,579350,579350,579350,579350,579340,579340,579340,579380,579360,579330,579320,579320,579320,579320,579320,579320,579290,579290,579290,
UMC,58229467,58229467,58229467,58229467,58229467,58229467,58229467,58229467,58229467,58229467,58229467,58229467,58229467,58229467,58229607,58229607,58229607,58229607,58229607,58229607,58229607,58229607,58229607,58229607,58229607,58229607,58229607,58229607,58228617,58228617,58228907,58229107,58225337,58220537,58217557,58217227,58217927,58191962,58198795,58191625,58190718.2,58188541.2,58188674.7,58189024.5,58189081.8,58185458.4,58185149.8,58184287.8,58181253,58181357,58181912,58181348,58179130,58178985,58178985,58178985,
URY,175020,175020,175020,175020,175020,175020,175020,175020,175020,175020,175020,175020,175020,175020,175020,175020,175020,175020,175020,175020,175020,175020,175020,175020,175020,175020,175020,175020,175020,175020,175020,175020,175020,175020,175020,175020,175020,175020,175020,175020,175020,175020,175020,175020,175020,175020,175020,175020,175020,175020,175020,175020,175020,175020,175020,175020,
USA,9158960,9158960,9158960,9158960,9158960,9158960,9158960,9158960,9158960,9158960,9158960,9158960,9158960,9158960,9158960,9158960,9158960,9158960,9158960,9158960,9158960,9158960,9158960,9158960,9158960,9158960,9158960,9158960,9158960,9158960,9158960,9158960,9158960,9158960,9158960,9158960,9158960,9158960,9158960,9161920,9161920,9161920,9161920,9161920,9161920,9161920,9161920,9147420,9147420,9147420,9147420,9147420,9147420,9147420,9147420,9147420,
UZB,425400,425400,425400,425400,425400,425400,425400,425400,425400,425400,425400,425400,425400,425400,425400,425400,425400,425400,425400,425400,425400,425400,425400,425400,425400,425400,425400,425400,425400,425400,425400,425400,425400,425400,425400,425400,425400,425400,425400,425400,425400,425400,425400,425400,425400,425400,425400,425400,425400,425400,425400,425400,425400,425400,425400,425400,
VCT,390,390,390,390,390,390,390,390,390,390,390,390,390,390,390,390,390,390,390,390,390,390,390,390,390,390,390,390,390,390,390,390,390,390,390,390,390,390,390,390,390,390,390,390,390,390,390,390,390,390,390,390,390,390,390,390,
VEN,882050,882050,882050,882050,882050,882050,882050,882050,882050,882050,882050,882050,882050,882050,882050,882050,882050,882050,882050,882050,882050,882050,882050,882050,882050,882050,882050,882050,882050,882050,882050,882050,882050,882050,882050,882050,882050,882050,882050,882050,882050,882050,882050,882050,882050,882050,882050,882050,882050,882050,882050,882050,882050,882050,882050,882050,
VGB,150,150,150,150,150,150,150,150,150,150,150,150,150,150,150,150,150,150,150,150,150,150,150,150,150,150,150,150,150,150,150,150,150,150,150,150,150,150,150,150,150,150,150,150,150,150,150,150,150,150,150,150,150,150,150,150,
VIR,350,350,350,350,350,350,350,350,350,350,350,350,350,350,350,350,350,350,350,350,350,350,350,350,350,350,350,350,350,350,350,350,350,350,350,350,350,350,350,350,350,350,350,350,350,350,350,350,350,350,350,350,350,350,350,350,
VNM,325490,325490,325490,325490,325490,325490,325490,325490,325490,325490,325490,325490,325490,325490,325490,325490,325490,325490,325490,325490,325490,325490,325490,325490,325490,325490,325490,325490,325490,325490,325490,325490,325490,325490,325490,325490,325490,325490,325490,311060,311090,310550,310070,310070,310070,310070,310070,310070,310070,310070,310070,310070,310070,310070,310070,310070,
VUT,12190,12190,12190,12190,12190,12190,12190,12190,12190,12190,12190,12190,12190,12190,12190,12190,12190,12190,12190,12190,12190,12190,12190,12190,12190,12190,12190,12190,12190,12190,12190,12190,12190,12190,12190,12190,12190,12190,12190,12190,12190,12190,12190,12190,12190,12190,12190,12190,12190,12190,12190,12190,12190,12190,12190,12190,
WLD,129721455.4,129721435.4,129721445.4,129721445.4,129721435.4,129721425.4,129721415.4,129721405.4,129721405.4,129721395.4,129721385.4,129721285.4,129721215.4,129720745.4,129720235.4,129720025.4,129719895.4,129719895.4,129719865.4,129719595.4,129719675.4,129719455.4,129719415.4,129717926.4,129717826.4,129717926.4,129717836.4,129717826.4,129716836.4,129716836.4,129718746.4,129719006.4,129715296.4,129703553.4,129700613.4,129700172.4,129769511.4,129743505.4,129750287.4,129764197.4,129763075.6,129760883.6,129760778.1,129759046.9,129758982.2,129754893.4,129754723.4,129738701.4,129737070.9,129739333.1,129739921.3,129736420.3,129734598.7,129733172.7,129733172.7,129733172.7,
WSM,2830,2830,2830,2830,2830,2830,2830,2830,2830,2830,2830,2830,2830,2830,2830,2830,2830,2830,2830,2830,2830,2830,2830,2830,2830,2830,2830,2830,2830,2830,2830,2830,2830,2830,2830,2830,2830,2830,2830,2830,2830,2830,2830,2830,2830,2830,2830,2830,2830,2830,2830,2830,2830,2830,2830,2830,
XKX,10887,10887,10887,10887,10887,10887,10887,10887,10887,10887,10887,10887,10887,10887,10887,10887,10887,10887,10887,10887,10887,10887,10887,10887,10887,10887,10887,10887,10887,10887,10887,10887,10887,10887,10887,10887,10887,10887,10887,10887,10887,10887,10887,10887,10887,10887,10887,10887,10887,10887,10887,10887,10887,10887,10887,10887,
YEM,527970,527970,527970,527970,527970,527970,527970,527970,527970,527970,527970,527970,527970,527970,527970,527970,527970,527970,527970,527970,527970,527970,527970,527970,527970,527970,527970,527970,527970,527970,527970,527970,527970,527970,527970,527970,527970,527970,527970,527970,527970,527970,527970,527970,527970,527970,527970,527970,527970,527970,527970,527970,527970,527970,527970,527970,
ZAF,1213090,1213090,1213090,1213090,1213090,1213090,1213090,1213090,1213090,1213090,1213090,1213090,1213090,1213090,1213090,1213090,1213090,1213090,1213090,1213090,1213090,1213090,1213090,1213090,1213090,1213090,1213090,1213090,1213090,1213090,1213090,1213090,1213090,1213090,1213090,1213090,1213090,1213090,1213090,1213090,1213090,1213090,1213090,1213090,1213090,1213090,1213090,1213090,1213090,1213090,1213090,1213090,1213090,1213090,1213090,1213090,
ZMB,743390,743390,743390,743390,743390,743390,743390,743390,743390,743390,743390,743390,743390,743390,743390,743390,743390,743390,743390,743390,743390,743390,743390,743390,743390,743390,743390,743390,743390,743390,743390,743390,743390,743390,743390,743390,743390,743390,743390,743390,743390,743390,743390,743390,743390,743390,743390,743390,743390,743390,743390,743390,743390,743390,743390,743390,
ZWE,386850,386850,386850,386850,386850,386850,386850,386850,386850,386850,386850,386850,386850,386850,386850,386850,386850,386850,386850,386850,386850,386850,386850,386850,386850,386850,386850,386850,386850,386850,386850,386850,386850,386850,386850,386850,386850,386850,386850,386850,386850,386850,386850,386850,386850,386850,386850,386850,386850,386850,386850,386850,386850,386850,386850,386850,